trade_idx,entry_date,exit_date,expiry,spot_at_entry,lot_size,lots,qty_per_leg,exit_reason,phase,leg,action,strike,price,qty,value_inr
1,2023-05-29,2023-05-30,2023-05-30,19532.7,40,5,200,EXPIRY,ENTRY,ce_short,SELL,19900,1.08,200,-216.0
1,2023-05-29,2023-05-30,2023-05-30,19532.7,40,5,200,EXPIRY,EXIT,ce_short,BUY,19900,0.0,200,0.0
1,2023-05-29,2023-05-30,2023-05-30,19532.7,40,5,200,EXPIRY,ENTRY,pe_short,SELL,19150,2.35,200,-470.0
1,2023-05-29,2023-05-30,2023-05-30,19532.7,40,5,200,EXPIRY,EXIT,pe_short,BUY,19150,0.0,200,0.0
1,2023-05-29,2023-05-30,2023-05-30,19532.7,40,5,200,EXPIRY,ENTRY,wce_long,BUY,20050,0.77,200,154.0
1,2023-05-29,2023-05-30,2023-05-30,19532.7,40,5,200,EXPIRY,EXIT,wce_long,SELL,20050,0.0,200,0.0
1,2023-05-29,2023-05-30,2023-05-30,19532.7,40,5,200,EXPIRY,ENTRY,wpe_long,BUY,19000,1.84,200,368.0
1,2023-05-29,2023-05-30,2023-05-30,19532.7,40,5,200,EXPIRY,EXIT,wpe_long,SELL,19000,0.0,200,0.0
2,2023-06-12,2023-06-27,2023-06-27,19399.8,40,5,200,EXPIRY,ENTRY,ce_short,SELL,19800,523.56,200,-104712.0
2,2023-06-12,2023-06-27,2023-06-27,19399.8,40,5,200,EXPIRY,EXIT,ce_short,BUY,19800,0.0,200,0.0
2,2023-06-12,2023-06-27,2023-06-27,19399.8,40,5,200,EXPIRY,ENTRY,pe_short,SELL,19000,39.3,200,-7860.0
2,2023-06-12,2023-06-27,2023-06-27,19399.8,40,5,200,EXPIRY,EXIT,pe_short,BUY,19000,0.0,200,0.0
2,2023-06-12,2023-06-27,2023-06-27,19399.8,40,5,200,EXPIRY,ENTRY,wce_long,BUY,19950,243.37,200,48674.0
2,2023-06-12,2023-06-27,2023-06-27,19399.8,40,5,200,EXPIRY,EXIT,wce_long,SELL,19950,0.0,200,0.0
2,2023-06-12,2023-06-27,2023-06-27,19399.8,40,5,200,EXPIRY,ENTRY,wpe_long,BUY,18850,159.83,200,31966.0
2,2023-06-12,2023-06-27,2023-06-27,19399.8,40,5,200,EXPIRY,EXIT,wpe_long,SELL,18850,0.0,200,0.0
3,2023-07-03,2023-07-25,2023-07-25,20253.8,40,5,200,EXPIRY,ENTRY,ce_short,SELL,20650,183.85,200,-36770.0
3,2023-07-03,2023-07-25,2023-07-25,20253.8,40,5,200,EXPIRY,EXIT,ce_short,BUY,20650,0.0,200,0.0
3,2023-07-03,2023-07-25,2023-07-25,20253.8,40,5,200,EXPIRY,ENTRY,pe_short,SELL,19850,429.14,200,-85828.0
3,2023-07-03,2023-07-25,2023-07-25,20253.8,40,5,200,EXPIRY,EXIT,pe_short,BUY,19850,0.0,200,0.0
3,2023-07-03,2023-07-25,2023-07-25,20253.8,40,5,200,EXPIRY,ENTRY,wce_long,BUY,20800,349.55,200,69910.0
3,2023-07-03,2023-07-25,2023-07-25,20253.8,40,5,200,EXPIRY,EXIT,wce_long,SELL,20800,0.0,200,0.0
3,2023-07-03,2023-07-25,2023-07-25,20253.8,40,5,200,EXPIRY,ENTRY,wpe_long,BUY,19700,80.63,200,16126.0
3,2023-07-03,2023-07-25,2023-07-25,20253.8,40,5,200,EXPIRY,EXIT,wpe_long,SELL,19700,0.0,200,0.0
4,2023-08-14,2023-08-29,2023-08-29,19652.5,40,5,200,EXPIRY,ENTRY,ce_short,SELL,20050,68.6,200,-13720.0
4,2023-08-14,2023-08-29,2023-08-29,19652.5,40,5,200,EXPIRY,EXIT,ce_short,BUY,20050,0.0,200,0.0
4,2023-08-14,2023-08-29,2023-08-29,19652.5,40,5,200,EXPIRY,ENTRY,pe_short,SELL,19250,89.62,200,-17924.0
4,2023-08-14,2023-08-29,2023-08-29,19652.5,40,5,200,EXPIRY,EXIT,pe_short,BUY,19250,0.0,200,0.0
4,2023-08-14,2023-08-29,2023-08-29,19652.5,40,5,200,EXPIRY,ENTRY,wce_long,BUY,20200,36.11,200,7222.0
4,2023-08-14,2023-08-29,2023-08-29,19652.5,40,5,200,EXPIRY,EXIT,wce_long,SELL,20200,0.0,200,0.0
4,2023-08-14,2023-08-29,2023-08-29,19652.5,40,5,200,EXPIRY,ENTRY,wpe_long,BUY,19100,107.2,200,21440.0
4,2023-08-14,2023-08-29,2023-08-29,19652.5,40,5,200,EXPIRY,EXIT,wpe_long,SELL,19100,0.0,200,0.0
5,2023-09-04,2023-09-26,2023-09-26,19787.6,40,5,200,EXPIRY,ENTRY,ce_short,SELL,20200,789.24,200,-157848.0
5,2023-09-04,2023-09-26,2023-09-26,19787.6,40,5,200,EXPIRY,EXIT,ce_short,BUY,20200,0.0,200,0.0
5,2023-09-04,2023-09-26,2023-09-26,19787.6,40,5,200,EXPIRY,ENTRY,pe_short,SELL,19400,490.64,200,-98128.0
5,2023-09-04,2023-09-26,2023-09-26,19787.6,40,5,200,EXPIRY,EXIT,pe_short,BUY,19400,0.0,200,0.0
5,2023-09-04,2023-09-26,2023-09-26,19787.6,40,5,200,EXPIRY,ENTRY,wce_long,BUY,20350,254.75,200,50950.0
5,2023-09-04,2023-09-26,2023-09-26,19787.6,40,5,200,EXPIRY,EXIT,wce_long,SELL,20350,0.0,200,0.0
5,2023-09-04,2023-09-26,2023-09-26,19787.6,40,5,200,EXPIRY,ENTRY,wpe_long,BUY,19250,177.17,200,35434.0
5,2023-09-04,2023-09-26,2023-09-26,19787.6,40,5,200,EXPIRY,EXIT,wpe_long,SELL,19250,0.0,200,0.0
6,2023-10-16,2023-10-31,2023-10-31,19814.5,40,5,200,EXPIRY,ENTRY,ce_short,SELL,20200,1233.43,200,-246686.0
6,2023-10-16,2023-10-31,2023-10-31,19814.5,40,5,200,EXPIRY,EXIT,ce_short,BUY,20200,0.0,200,0.0
6,2023-10-16,2023-10-31,2023-10-31,19814.5,40,5,200,EXPIRY,ENTRY,pe_short,SELL,19400,57.33,200,-11466.0
6,2023-10-16,2023-10-31,2023-10-31,19814.5,40,5,200,EXPIRY,EXIT,pe_short,BUY,19400,195.4,200,39080.0
6,2023-10-16,2023-10-31,2023-10-31,19814.5,40,5,200,EXPIRY,ENTRY,wce_long,BUY,20350,251.48,200,50296.0
6,2023-10-16,2023-10-31,2023-10-31,19814.5,40,5,200,EXPIRY,EXIT,wce_long,SELL,20350,0.0,200,0.0
6,2023-10-16,2023-10-31,2023-10-31,19814.5,40,5,200,EXPIRY,ENTRY,wpe_long,BUY,19250,202.72,200,40544.0
6,2023-10-16,2023-10-31,2023-10-31,19814.5,40,5,200,EXPIRY,EXIT,wpe_long,SELL,19250,45.4,200,-9080.0
7,2023-11-06,2023-11-13,2023-11-28,19537.6,40,5,200,SL,ENTRY,ce_short,SELL,19950,149.89,200,-29978.0
7,2023-11-06,2023-11-13,2023-11-28,19537.6,40,5,200,SL,EXIT,ce_short,BUY,19950,53.3,200,10660.0
7,2023-11-06,2023-11-13,2023-11-28,19537.6,40,5,200,SL,ENTRY,pe_short,SELL,19150,315.95,200,-63190.0
7,2023-11-06,2023-11-13,2023-11-28,19537.6,40,5,200,SL,EXIT,pe_short,BUY,19150,322.4,200,64480.0
7,2023-11-06,2023-11-13,2023-11-28,19537.6,40,5,200,SL,ENTRY,wce_long,BUY,20100,58.85,200,11770.0
7,2023-11-06,2023-11-13,2023-11-28,19537.6,40,5,200,SL,EXIT,wce_long,SELL,20100,57.7,200,-11540.0
7,2023-11-06,2023-11-13,2023-11-28,19537.6,40,5,200,SL,ENTRY,wpe_long,BUY,19000,322.63,200,64526.0
7,2023-11-06,2023-11-13,2023-11-28,19537.6,40,5,200,SL,EXIT,wpe_long,SELL,19000,50.0,200,-10000.0
8,2023-12-11,2023-12-26,2023-12-26,21214.7,40,5,200,EXPIRY,ENTRY,ce_short,SELL,21650,15.63,200,-3126.0
8,2023-12-11,2023-12-26,2023-12-26,21214.7,40,5,200,EXPIRY,EXIT,ce_short,BUY,21650,0.0,200,0.0
8,2023-12-11,2023-12-26,2023-12-26,21214.7,40,5,200,EXPIRY,ENTRY,pe_short,SELL,20800,1103.92,200,-220784.0
8,2023-12-11,2023-12-26,2023-12-26,21214.7,40,5,200,EXPIRY,EXIT,pe_short,BUY,20800,0.0,200,0.0
8,2023-12-11,2023-12-26,2023-12-26,21214.7,40,5,200,EXPIRY,ENTRY,wce_long,BUY,21800,75.48,200,15096.0
8,2023-12-11,2023-12-26,2023-12-26,21214.7,40,5,200,EXPIRY,EXIT,wce_long,SELL,21800,0.0,200,0.0
8,2023-12-11,2023-12-26,2023-12-26,21214.7,40,5,200,EXPIRY,ENTRY,wpe_long,BUY,20650,969.56,200,193912.0
8,2023-12-11,2023-12-26,2023-12-26,21214.7,40,5,200,EXPIRY,EXIT,wpe_long,SELL,20650,0.0,200,0.0
9,2024-01-29,2024-01-30,2024-01-30,20413.3,40,5,200,EXPIRY,ENTRY,ce_short,SELL,20800,4.7,200,-940.0
9,2024-01-29,2024-01-30,2024-01-30,20413.3,40,5,200,EXPIRY,EXIT,ce_short,BUY,20800,0.0,200,0.0
9,2024-01-29,2024-01-30,2024-01-30,20413.3,40,5,200,EXPIRY,ENTRY,pe_short,SELL,20000,5.88,200,-1176.0
9,2024-01-29,2024-01-30,2024-01-30,20413.3,40,5,200,EXPIRY,EXIT,pe_short,BUY,20000,0.0,200,0.0
9,2024-01-29,2024-01-30,2024-01-30,20413.3,40,5,200,EXPIRY,ENTRY,wce_long,BUY,20950,1.43,200,286.0
9,2024-01-29,2024-01-30,2024-01-30,20413.3,40,5,200,EXPIRY,EXIT,wce_long,SELL,20950,0.0,200,0.0
9,2024-01-29,2024-01-30,2024-01-30,20413.3,40,5,200,EXPIRY,ENTRY,wpe_long,BUY,19850,2.5,200,500.0
9,2024-01-29,2024-01-30,2024-01-30,20413.3,40,5,200,EXPIRY,EXIT,wpe_long,SELL,19850,0.0,200,0.0
10,2024-02-05,2024-02-27,2024-02-27,20315.8,40,5,200,EXPIRY,ENTRY,ce_short,SELL,20700,224.42,200,-44884.0
10,2024-02-05,2024-02-27,2024-02-27,20315.8,40,5,200,EXPIRY,EXIT,ce_short,BUY,20700,0.0,200,0.0
10,2024-02-05,2024-02-27,2024-02-27,20315.8,40,5,200,EXPIRY,ENTRY,pe_short,SELL,19900,618.62,200,-123724.0
10,2024-02-05,2024-02-27,2024-02-27,20315.8,40,5,200,EXPIRY,EXIT,pe_short,BUY,19900,0.0,200,0.0
10,2024-02-05,2024-02-27,2024-02-27,20315.8,40,5,200,EXPIRY,ENTRY,wce_long,BUY,20850,241.18,200,48236.0
10,2024-02-05,2024-02-27,2024-02-27,20315.8,40,5,200,EXPIRY,EXIT,wce_long,SELL,20850,0.0,200,0.0
10,2024-02-05,2024-02-27,2024-02-27,20315.8,40,5,200,EXPIRY,ENTRY,wpe_long,BUY,19750,171.82,200,34364.0
10,2024-02-05,2024-02-27,2024-02-27,20315.8,40,5,200,EXPIRY,EXIT,wpe_long,SELL,19750,0.0,200,0.0
11,2024-03-11,2024-03-12,2024-03-26,20862.5,40,5,200,SL,ENTRY,ce_short,SELL,21300,173.46,200,-34692.0
11,2024-03-11,2024-03-12,2024-03-26,20862.5,40,5,200,SL,EXIT,ce_short,BUY,21300,115.0,200,23000.0
11,2024-03-11,2024-03-12,2024-03-26,20862.5,40,5,200,SL,ENTRY,pe_short,SELL,20450,142.34,200,-28468.0
11,2024-03-11,2024-03-12,2024-03-26,20862.5,40,5,200,SL,EXIT,pe_short,BUY,20450,145.25,200,29050.0
11,2024-03-11,2024-03-12,2024-03-26,20862.5,40,5,200,SL,ENTRY,wce_long,BUY,21450,154.17,200,30834.0
11,2024-03-11,2024-03-12,2024-03-26,20862.5,40,5,200,SL,EXIT,wce_long,SELL,21450,82.35,200,-16470.0
11,2024-03-11,2024-03-12,2024-03-26,20862.5,40,5,200,SL,ENTRY,wpe_long,BUY,20300,155.04,200,31008.0
11,2024-03-11,2024-03-12,2024-03-26,20862.5,40,5,200,SL,EXIT,wpe_long,SELL,20300,56.5,200,-11300.0
12,2024-04-01,2024-04-30,2024-04-30,21198.4,40,5,200,EXPIRY,ENTRY,ce_short,SELL,21600,390.24,200,-78048.0
12,2024-04-01,2024-04-30,2024-04-30,21198.4,40,5,200,EXPIRY,EXIT,ce_short,BUY,21600,241.15,200,48230.0
12,2024-04-01,2024-04-30,2024-04-30,21198.4,40,5,200,EXPIRY,ENTRY,pe_short,SELL,20750,400.23,200,-80046.0
12,2024-04-01,2024-04-30,2024-04-30,21198.4,40,5,200,EXPIRY,EXIT,pe_short,BUY,20750,0.0,200,0.0
12,2024-04-01,2024-04-30,2024-04-30,21198.4,40,5,200,EXPIRY,ENTRY,wce_long,BUY,21750,155.86,200,31172.0
12,2024-04-01,2024-04-30,2024-04-30,21198.4,40,5,200,EXPIRY,EXIT,wce_long,SELL,21750,91.15,200,-18230.0
12,2024-04-01,2024-04-30,2024-04-30,21198.4,40,5,200,EXPIRY,ENTRY,wpe_long,BUY,20600,265.66,200,53132.0
12,2024-04-01,2024-04-30,2024-04-30,21198.4,40,5,200,EXPIRY,EXIT,wpe_long,SELL,20600,0.0,200,0.0
13,2024-05-06,2024-05-28,2024-05-28,21743.7,40,5,200,EXPIRY,ENTRY,ce_short,SELL,22200,302.48,200,-60496.0
13,2024-05-06,2024-05-28,2024-05-28,21743.7,40,5,200,EXPIRY,EXIT,ce_short,BUY,22200,0.0,200,0.0
13,2024-05-06,2024-05-28,2024-05-28,21743.7,40,5,200,EXPIRY,ENTRY,pe_short,SELL,21300,934.38,200,-186876.0
13,2024-05-06,2024-05-28,2024-05-28,21743.7,40,5,200,EXPIRY,EXIT,pe_short,BUY,21300,0.0,200,0.0
13,2024-05-06,2024-05-28,2024-05-28,21743.7,40,5,200,EXPIRY,ENTRY,wce_long,BUY,22350,263.93,200,52786.0
13,2024-05-06,2024-05-28,2024-05-28,21743.7,40,5,200,EXPIRY,EXIT,wce_long,SELL,22350,0.0,200,0.0
13,2024-05-06,2024-05-28,2024-05-28,21743.7,40,5,200,EXPIRY,ENTRY,wpe_long,BUY,21150,134.59,200,26918.0
13,2024-05-06,2024-05-28,2024-05-28,21743.7,40,5,200,EXPIRY,EXIT,wpe_long,SELL,21150,0.0,200,0.0
14,2024-06-10,2024-06-25,2024-06-25,22154.8,40,5,200,EXPIRY,ENTRY,ce_short,SELL,22600,239.17,200,-47834.0
14,2024-06-10,2024-06-25,2024-06-25,22154.8,40,5,200,EXPIRY,EXIT,ce_short,BUY,22600,910.65,200,182130.0
14,2024-06-10,2024-06-25,2024-06-25,22154.8,40,5,200,EXPIRY,ENTRY,pe_short,SELL,21700,1325.84,200,-265168.0
14,2024-06-10,2024-06-25,2024-06-25,22154.8,40,5,200,EXPIRY,EXIT,pe_short,BUY,21700,0.0,200,0.0
14,2024-06-10,2024-06-25,2024-06-25,22154.8,40,5,200,EXPIRY,ENTRY,wce_long,BUY,22750,187.88,200,37576.0
14,2024-06-10,2024-06-25,2024-06-25,22154.8,40,5,200,EXPIRY,EXIT,wce_long,SELL,22750,760.65,200,-152130.0
14,2024-06-10,2024-06-25,2024-06-25,22154.8,40,5,200,EXPIRY,ENTRY,wpe_long,BUY,21550,206.14,200,41228.0
14,2024-06-10,2024-06-25,2024-06-25,22154.8,40,5,200,EXPIRY,EXIT,wpe_long,SELL,21550,0.0,200,0.0
15,2024-07-08,2024-07-30,2024-07-30,23586.8,40,5,200,EXPIRY,ENTRY,ce_short,SELL,24050,576.04,200,-115208.0
15,2024-07-08,2024-07-30,2024-07-30,23586.8,40,5,200,EXPIRY,EXIT,ce_short,BUY,24050,0.0,200,0.0
15,2024-07-08,2024-07-30,2024-07-30,23586.8,40,5,200,EXPIRY,ENTRY,pe_short,SELL,23100,196.0,200,-39200.0
15,2024-07-08,2024-07-30,2024-07-30,23586.8,40,5,200,EXPIRY,EXIT,pe_short,BUY,23100,0.0,200,0.0
15,2024-07-08,2024-07-30,2024-07-30,23586.8,40,5,200,EXPIRY,ENTRY,wce_long,BUY,24200,187.22,200,37444.0
15,2024-07-08,2024-07-30,2024-07-30,23586.8,40,5,200,EXPIRY,EXIT,wce_long,SELL,24200,0.0,200,0.0
15,2024-07-08,2024-07-30,2024-07-30,23586.8,40,5,200,EXPIRY,ENTRY,wpe_long,BUY,22950,328.95,200,65790.0
15,2024-07-08,2024-07-30,2024-07-30,23586.8,40,5,200,EXPIRY,EXIT,wpe_long,SELL,22950,0.0,200,0.0
16,2024-08-05,2024-08-27,2024-08-27,22762.7,40,5,200,EXPIRY,ENTRY,ce_short,SELL,23200,628.77,200,-125754.0
16,2024-08-05,2024-08-27,2024-08-27,22762.7,40,5,200,EXPIRY,EXIT,ce_short,BUY,23200,378.8,200,75760.0
16,2024-08-05,2024-08-27,2024-08-27,22762.7,40,5,200,EXPIRY,ENTRY,pe_short,SELL,22300,710.6,200,-142120.0
16,2024-08-05,2024-08-27,2024-08-27,22762.7,40,5,200,EXPIRY,EXIT,pe_short,BUY,22300,0.0,200,0.0
16,2024-08-05,2024-08-27,2024-08-27,22762.7,40,5,200,EXPIRY,ENTRY,wce_long,BUY,23350,609.86,200,121972.0
16,2024-08-05,2024-08-27,2024-08-27,22762.7,40,5,200,EXPIRY,EXIT,wce_long,SELL,23350,228.8,200,-45760.0
16,2024-08-05,2024-08-27,2024-08-27,22762.7,40,5,200,EXPIRY,ENTRY,wpe_long,BUY,22150,113.22,200,22644.0
16,2024-08-05,2024-08-27,2024-08-27,22762.7,40,5,200,EXPIRY,EXIT,wpe_long,SELL,22150,0.0,200,0.0
17,2024-09-02,2024-09-24,2024-09-24,23727.5,40,5,200,EXPIRY,ENTRY,ce_short,SELL,24200,876.27,200,-175254.0
17,2024-09-02,2024-09-24,2024-09-24,23727.5,40,5,200,EXPIRY,EXIT,ce_short,BUY,24200,683.65,200,136730.0
17,2024-09-02,2024-09-24,2024-09-24,23727.5,40,5,200,EXPIRY,ENTRY,pe_short,SELL,23250,331.88,200,-66376.0
17,2024-09-02,2024-09-24,2024-09-24,23727.5,40,5,200,EXPIRY,EXIT,pe_short,BUY,23250,0.0,200,0.0
17,2024-09-02,2024-09-24,2024-09-24,23727.5,40,5,200,EXPIRY,ENTRY,wce_long,BUY,24350,292.43,200,58486.0
17,2024-09-02,2024-09-24,2024-09-24,23727.5,40,5,200,EXPIRY,EXIT,wce_long,SELL,24350,533.65,200,-106730.0
17,2024-09-02,2024-09-24,2024-09-24,23727.5,40,5,200,EXPIRY,ENTRY,wpe_long,BUY,23100,645.76,200,129152.0
17,2024-09-02,2024-09-24,2024-09-24,23727.5,40,5,200,EXPIRY,EXIT,wpe_long,SELL,23100,0.0,200,0.0
18,2024-09-30,2024-10-29,2024-10-29,24480.3,65,5,325,EXPIRY,ENTRY,ce_short,SELL,24950,646.8,325,-210210.0
18,2024-09-30,2024-10-29,2024-10-29,24480.3,65,5,325,EXPIRY,EXIT,ce_short,BUY,24950,0.0,325,0.0
18,2024-09-30,2024-10-29,2024-10-29,24480.3,65,5,325,EXPIRY,ENTRY,pe_short,SELL,24000,193.89,325,-63014.25
18,2024-09-30,2024-10-29,2024-10-29,24480.3,65,5,325,EXPIRY,EXIT,pe_short,BUY,24000,0.0,325,0.0
18,2024-09-30,2024-10-29,2024-10-29,24480.3,65,5,325,EXPIRY,ENTRY,wce_long,BUY,25100,285.24,325,92703.0
18,2024-09-30,2024-10-29,2024-10-29,24480.3,65,5,325,EXPIRY,EXIT,wce_long,SELL,25100,0.0,325,0.0
18,2024-09-30,2024-10-29,2024-10-29,24480.3,65,5,325,EXPIRY,ENTRY,wpe_long,BUY,23850,191.3,325,62172.5
18,2024-09-30,2024-10-29,2024-10-29,24480.3,65,5,325,EXPIRY,EXIT,wpe_long,SELL,23850,0.0,325,0.0
19,2024-11-04,2024-11-13,2024-11-26,23660.2,65,5,325,SL,ENTRY,ce_short,SELL,24150,709.81,325,-230688.25
19,2024-11-04,2024-11-13,2024-11-26,23660.2,65,5,325,SL,EXIT,ce_short,BUY,24150,724.3,325,235397.5
19,2024-11-04,2024-11-13,2024-11-26,23660.2,65,5,325,SL,ENTRY,pe_short,SELL,23200,600.2,325,-195065.0
19,2024-11-04,2024-11-13,2024-11-26,23660.2,65,5,325,SL,EXIT,pe_short,BUY,23200,612.45,325,199046.25
19,2024-11-04,2024-11-13,2024-11-26,23660.2,65,5,325,SL,ENTRY,wce_long,BUY,24300,861.54,325,280000.5
19,2024-11-04,2024-11-13,2024-11-26,23660.2,65,5,325,SL,EXIT,wce_long,SELL,24300,87.8,325,-28535.0
19,2024-11-04,2024-11-13,2024-11-26,23660.2,65,5,325,SL,ENTRY,wpe_long,BUY,23050,94.86,325,30829.5
19,2024-11-04,2024-11-13,2024-11-26,23660.2,65,5,325,SL,EXIT,wpe_long,SELL,23050,99.3,325,-32272.5
20,2024-12-02,2024-12-31,2024-12-31,24072.7,65,5,325,EXPIRY,ENTRY,ce_short,SELL,24550,245.98,325,-79943.5
20,2024-12-02,2024-12-31,2024-12-31,24072.7,65,5,325,EXPIRY,EXIT,ce_short,BUY,24550,0.0,325,0.0
20,2024-12-02,2024-12-31,2024-12-31,24072.7,65,5,325,EXPIRY,ENTRY,pe_short,SELL,23600,190.46,325,-61899.5
20,2024-12-02,2024-12-31,2024-12-31,24072.7,65,5,325,EXPIRY,EXIT,pe_short,BUY,23600,87.2,325,28340.0
20,2024-12-02,2024-12-31,2024-12-31,24072.7,65,5,325,EXPIRY,ENTRY,wce_long,BUY,24700,203.95,325,66283.75
20,2024-12-02,2024-12-31,2024-12-31,24072.7,65,5,325,EXPIRY,EXIT,wce_long,SELL,24700,0.0,325,0.0
20,2024-12-02,2024-12-31,2024-12-31,24072.7,65,5,325,EXPIRY,ENTRY,wpe_long,BUY,23450,165.14,325,53670.5
20,2024-12-02,2024-12-31,2024-12-31,24072.7,65,5,325,EXPIRY,EXIT,wpe_long,SELL,23450,0.0,325,0.0
21,2025-01-06,2025-01-28,2025-01-28,23317.8,65,5,325,EXPIRY,ENTRY,ce_short,SELL,23800,267.0,325,-86775.0
21,2025-01-06,2025-01-28,2025-01-28,23317.8,65,5,325,EXPIRY,EXIT,ce_short,BUY,23800,0.0,325,0.0
21,2025-01-06,2025-01-28,2025-01-28,23317.8,65,5,325,EXPIRY,ENTRY,pe_short,SELL,22850,203.64,325,-66183.0
21,2025-01-06,2025-01-28,2025-01-28,23317.8,65,5,325,EXPIRY,EXIT,pe_short,BUY,22850,44.1,325,14332.5
21,2025-01-06,2025-01-28,2025-01-28,23317.8,65,5,325,EXPIRY,ENTRY,wce_long,BUY,23950,224.71,325,73030.75
21,2025-01-06,2025-01-28,2025-01-28,23317.8,65,5,325,EXPIRY,EXIT,wce_long,SELL,23950,0.0,325,0.0
21,2025-01-06,2025-01-28,2025-01-28,23317.8,65,5,325,EXPIRY,ENTRY,wpe_long,BUY,22700,171.62,325,55776.5
21,2025-01-06,2025-01-28,2025-01-28,23317.8,65,5,325,EXPIRY,EXIT,wpe_long,SELL,22700,0.0,325,0.0
22,2025-02-03,2025-02-25,2025-02-25,23132.5,65,5,325,EXPIRY,ENTRY,ce_short,SELL,23600,244.46,325,-79449.5
22,2025-02-03,2025-02-25,2025-02-25,23132.5,65,5,325,EXPIRY,EXIT,ce_short,BUY,23600,0.0,325,0.0
22,2025-02-03,2025-02-25,2025-02-25,23132.5,65,5,325,EXPIRY,ENTRY,pe_short,SELL,22650,162.83,325,-52919.75
22,2025-02-03,2025-02-25,2025-02-25,23132.5,65,5,325,EXPIRY,EXIT,pe_short,BUY,22650,0.0,325,0.0
22,2025-02-03,2025-02-25,2025-02-25,23132.5,65,5,325,EXPIRY,ENTRY,wce_long,BUY,23750,190.94,325,62055.5
22,2025-02-03,2025-02-25,2025-02-25,23132.5,65,5,325,EXPIRY,EXIT,wce_long,SELL,23750,0.0,325,0.0
22,2025-02-03,2025-02-25,2025-02-25,23132.5,65,5,325,EXPIRY,ENTRY,wpe_long,BUY,22500,148.05,325,48116.25
22,2025-02-03,2025-02-25,2025-02-25,23132.5,65,5,325,EXPIRY,EXIT,wpe_long,SELL,22500,0.0,325,0.0
23,2025-03-03,2025-03-25,2025-03-25,22953.0,65,5,325,EXPIRY,ENTRY,ce_short,SELL,23400,214.77,325,-69800.25
23,2025-03-03,2025-03-25,2025-03-25,22953.0,65,5,325,EXPIRY,EXIT,ce_short,BUY,23400,1686.0,325,547950.0
23,2025-03-03,2025-03-25,2025-03-25,22953.0,65,5,325,EXPIRY,ENTRY,pe_short,SELL,22500,166.21,325,-54018.25
23,2025-03-03,2025-03-25,2025-03-25,22953.0,65,5,325,EXPIRY,EXIT,pe_short,BUY,22500,0.0,325,0.0
23,2025-03-03,2025-03-25,2025-03-25,22953.0,65,5,325,EXPIRY,ENTRY,wce_long,BUY,23550,187.83,325,61044.75
23,2025-03-03,2025-03-25,2025-03-25,22953.0,65,5,325,EXPIRY,EXIT,wce_long,SELL,23550,1536.0,325,-499200.0
23,2025-03-03,2025-03-25,2025-03-25,22953.0,65,5,325,EXPIRY,ENTRY,wpe_long,BUY,22350,150.55,325,48928.75
23,2025-03-03,2025-03-25,2025-03-25,22953.0,65,5,325,EXPIRY,EXIT,wpe_long,SELL,22350,0.0,325,0.0
24,2025-04-07,2025-04-21,2025-04-24,23908.5,65,5,325,SL,ENTRY,ce_short,SELL,24400,582.12,325,-189189.0
24,2025-04-07,2025-04-21,2025-04-24,23908.5,65,5,325,SL,EXIT,ce_short,BUY,24400,2025.2,325,658190.0
24,2025-04-07,2025-04-21,2025-04-24,23908.5,65,5,325,SL,ENTRY,pe_short,SELL,23450,319.63,325,-103879.75
24,2025-04-07,2025-04-21,2025-04-24,23908.5,65,5,325,SL,EXIT,pe_short,BUY,23450,3.1,325,1007.5
24,2025-04-07,2025-04-21,2025-04-24,23908.5,65,5,325,SL,ENTRY,wce_long,BUY,24550,500.06,325,162519.5
24,2025-04-07,2025-04-21,2025-04-24,23908.5,65,5,325,SL,EXIT,wce_long,SELL,24550,1489.0,325,-483925.0
24,2025-04-07,2025-04-21,2025-04-24,23908.5,65,5,325,SL,ENTRY,wpe_long,BUY,23300,309.37,325,100545.25
24,2025-04-07,2025-04-21,2025-04-24,23908.5,65,5,325,SL,EXIT,wpe_long,SELL,23300,3.3,325,-1072.5
25,2025-04-28,2025-05-29,2025-05-29,26291.7,65,5,325,EXPIRY,ENTRY,ce_short,SELL,26800,322.57,325,-104835.25
25,2025-04-28,2025-05-29,2025-05-29,26291.7,65,5,325,EXPIRY,EXIT,ce_short,BUY,26800,0.0,325,0.0
25,2025-04-28,2025-05-29,2025-05-29,26291.7,65,5,325,EXPIRY,ENTRY,pe_short,SELL,25750,272.44,325,-88543.0
25,2025-04-28,2025-05-29,2025-05-29,26291.7,65,5,325,EXPIRY,EXIT,pe_short,BUY,25750,0.0,325,0.0
25,2025-04-28,2025-05-29,2025-05-29,26291.7,65,5,325,EXPIRY,ENTRY,wce_long,BUY,26950,277.49,325,90184.25
25,2025-04-28,2025-05-29,2025-05-29,26291.7,65,5,325,EXPIRY,EXIT,wce_long,SELL,26950,0.0,325,0.0
25,2025-04-28,2025-05-29,2025-05-29,26291.7,65,5,325,EXPIRY,ENTRY,wpe_long,BUY,25600,243.88,325,79261.0
25,2025-04-28,2025-05-29,2025-05-29,26291.7,65,5,325,EXPIRY,EXIT,wpe_long,SELL,25600,0.0,325,0.0
26,2025-06-02,2025-06-26,2025-06-26,26448.4,65,5,325,EXPIRY,ENTRY,ce_short,SELL,27000,290.08,325,-94276.0
26,2025-06-02,2025-06-26,2025-06-26,26448.4,65,5,325,EXPIRY,EXIT,ce_short,BUY,27000,248.4,325,80730.0
26,2025-06-02,2025-06-26,2025-06-26,26448.4,65,5,325,EXPIRY,ENTRY,pe_short,SELL,25900,215.89,325,-70164.25
26,2025-06-02,2025-06-26,2025-06-26,26448.4,65,5,325,EXPIRY,EXIT,pe_short,BUY,25900,0.0,325,0.0
26,2025-06-02,2025-06-26,2025-06-26,26448.4,65,5,325,EXPIRY,ENTRY,wce_long,BUY,27150,251.63,325,81779.75
26,2025-06-02,2025-06-26,2025-06-26,26448.4,65,5,325,EXPIRY,EXIT,wce_long,SELL,27150,98.4,325,-31980.0
26,2025-06-02,2025-06-26,2025-06-26,26448.4,65,5,325,EXPIRY,ENTRY,wpe_long,BUY,25750,193.09,325,62754.25
26,2025-06-02,2025-06-26,2025-06-26,26448.4,65,5,325,EXPIRY,EXIT,wpe_long,SELL,25750,0.0,325,0.0
27,2025-06-30,2025-07-31,2025-07-31,27174.5,65,5,325,EXPIRY,ENTRY,ce_short,SELL,27700,244.07,325,-79322.75
27,2025-06-30,2025-07-31,2025-07-31,27174.5,65,5,325,EXPIRY,EXIT,ce_short,BUY,27700,0.0,325,0.0
27,2025-06-30,2025-07-31,2025-07-31,27174.5,65,5,325,EXPIRY,ENTRY,pe_short,SELL,26650,343.59,325,-111666.75
27,2025-06-30,2025-07-31,2025-07-31,27174.5,65,5,325,EXPIRY,EXIT,pe_short,BUY,26650,0.05,325,16.25
27,2025-06-30,2025-07-31,2025-07-31,27174.5,65,5,325,EXPIRY,ENTRY,wce_long,BUY,27850,244.8,325,79560.0
27,2025-06-30,2025-07-31,2025-07-31,27174.5,65,5,325,EXPIRY,EXIT,wce_long,SELL,27850,0.0,325,0.0
27,2025-06-30,2025-07-31,2025-07-31,27174.5,65,5,325,EXPIRY,ENTRY,wpe_long,BUY,26500,156.31,325,50800.75
27,2025-06-30,2025-07-31,2025-07-31,27174.5,65,5,325,EXPIRY,EXIT,wpe_long,SELL,26500,0.0,325,0.0
28,2025-08-18,2025-08-28,2025-08-28,26609.1,65,5,325,EXPIRY,ENTRY,ce_short,SELL,27150,389.75,325,-126668.75
28,2025-08-18,2025-08-28,2025-08-28,26609.1,65,5,325,EXPIRY,EXIT,ce_short,BUY,27150,0.0,325,0.0
28,2025-08-18,2025-08-28,2025-08-28,26609.1,65,5,325,EXPIRY,ENTRY,pe_short,SELL,26100,46.21,325,-15018.25
28,2025-08-18,2025-08-28,2025-08-28,26609.1,65,5,325,EXPIRY,EXIT,pe_short,BUY,26100,459.7,325,149402.5
28,2025-08-18,2025-08-28,2025-08-28,26609.1,65,5,325,EXPIRY,ENTRY,wce_long,BUY,27300,35.19,325,11436.75
28,2025-08-18,2025-08-28,2025-08-28,26609.1,65,5,325,EXPIRY,EXIT,wce_long,SELL,27300,0.0,325,0.0
28,2025-08-18,2025-08-28,2025-08-28,26609.1,65,5,325,EXPIRY,ENTRY,wpe_long,BUY,25950,32.18,325,10458.5
28,2025-08-18,2025-08-28,2025-08-28,26609.1,65,5,325,EXPIRY,EXIT,wpe_long,SELL,25950,309.7,325,-100652.5
29,2025-09-22,2025-09-30,2025-09-30,26528.4,65,5,325,EXPIRY,ENTRY,ce_short,SELL,27050,158.07,325,-51372.75
29,2025-09-22,2025-09-30,2025-09-30,26528.4,65,5,325,EXPIRY,EXIT,ce_short,BUY,27050,0.0,325,0.0
29,2025-09-22,2025-09-30,2025-09-30,26528.4,65,5,325,EXPIRY,ENTRY,pe_short,SELL,26000,24.84,325,-8073.0
29,2025-09-22,2025-09-30,2025-09-30,26528.4,65,5,325,EXPIRY,EXIT,pe_short,BUY,26000,0.0,325,0.0
29,2025-09-22,2025-09-30,2025-09-30,26528.4,65,5,325,EXPIRY,ENTRY,wce_long,BUY,27200,18.05,325,5866.25
29,2025-09-22,2025-09-30,2025-09-30,26528.4,65,5,325,EXPIRY,EXIT,wce_long,SELL,27200,0.0,325,0.0
29,2025-09-22,2025-09-30,2025-09-30,26528.4,65,5,325,EXPIRY,ENTRY,wpe_long,BUY,25850,25.4,325,8255.0
29,2025-09-22,2025-09-30,2025-09-30,26528.4,65,5,325,EXPIRY,EXIT,wpe_long,SELL,25850,0.0,325,0.0
30,2025-10-13,2025-10-28,2025-10-28,26885.2,65,5,325,EXPIRY,ENTRY,ce_short,SELL,27400,827.51,325,-268940.75
30,2025-10-13,2025-10-28,2025-10-28,26885.2,65,5,325,EXPIRY,EXIT,ce_short,BUY,27400,53.95,325,17533.75
30,2025-10-13,2025-10-28,2025-10-28,26885.2,65,5,325,EXPIRY,ENTRY,pe_short,SELL,26350,82.86,325,-26929.5
30,2025-10-13,2025-10-28,2025-10-28,26885.2,65,5,325,EXPIRY,EXIT,pe_short,BUY,26350,0.0,325,0.0
30,2025-10-13,2025-10-28,2025-10-28,26885.2,65,5,325,EXPIRY,ENTRY,wce_long,BUY,27550,72.57,325,23585.25
30,2025-10-13,2025-10-28,2025-10-28,26885.2,65,5,325,EXPIRY,EXIT,wce_long,SELL,27550,0.0,325,0.0
30,2025-10-13,2025-10-28,2025-10-28,26885.2,65,5,325,EXPIRY,ENTRY,wpe_long,BUY,26200,63.75,325,20718.75
30,2025-10-13,2025-10-28,2025-10-28,26885.2,65,5,325,EXPIRY,EXIT,wpe_long,SELL,26200,0.0,325,0.0
31,2025-11-03,2025-11-25,2025-11-25,27306.2,65,5,325,EXPIRY,ENTRY,ce_short,SELL,27850,179.98,325,-58493.5
31,2025-11-03,2025-11-25,2025-11-25,27306.2,65,5,325,EXPIRY,EXIT,ce_short,BUY,27850,0.0,325,0.0
31,2025-11-03,2025-11-25,2025-11-25,27306.2,65,5,325,EXPIRY,ENTRY,pe_short,SELL,26750,206.0,325,-66950.0
31,2025-11-03,2025-11-25,2025-11-25,27306.2,65,5,325,EXPIRY,EXIT,pe_short,BUY,26750,0.0,325,0.0
31,2025-11-03,2025-11-25,2025-11-25,27306.2,65,5,325,EXPIRY,ENTRY,wce_long,BUY,28000,143.11,325,46510.75
31,2025-11-03,2025-11-25,2025-11-25,27306.2,65,5,325,EXPIRY,EXIT,wce_long,SELL,28000,0.0,325,0.0
31,2025-11-03,2025-11-25,2025-11-25,27306.2,65,5,325,EXPIRY,ENTRY,wpe_long,BUY,26600,107.66,325,34989.5
31,2025-11-03,2025-11-25,2025-11-25,27306.2,65,5,325,EXPIRY,EXIT,wpe_long,SELL,26600,0.0,325,0.0
32,2025-12-01,2025-12-30,2025-12-30,27814.5,65,5,325,EXPIRY,ENTRY,ce_short,SELL,28350,269.94,325,-87730.5
32,2025-12-01,2025-12-30,2025-12-30,27814.5,65,5,325,EXPIRY,EXIT,ce_short,BUY,28350,0.0,325,0.0
32,2025-12-01,2025-12-30,2025-12-30,27814.5,65,5,325,EXPIRY,ENTRY,pe_short,SELL,27250,418.12,325,-135889.0
32,2025-12-01,2025-12-30,2025-12-30,27814.5,65,5,325,EXPIRY,EXIT,pe_short,BUY,27250,0.0,325,0.0
32,2025-12-01,2025-12-30,2025-12-30,27814.5,65,5,325,EXPIRY,ENTRY,wce_long,BUY,28500,153.36,325,49842.0
32,2025-12-01,2025-12-30,2025-12-30,27814.5,65,5,325,EXPIRY,EXIT,wce_long,SELL,28500,0.0,325,0.0
32,2025-12-01,2025-12-30,2025-12-30,27814.5,65,5,325,EXPIRY,ENTRY,wpe_long,BUY,27100,107.71,325,35005.75
32,2025-12-01,2025-12-30,2025-12-30,27814.5,65,5,325,EXPIRY,EXIT,wpe_long,SELL,27100,0.0,325,0.0
33,2026-01-12,2026-01-27,2026-01-27,27518.5,60,5,300,EXPIRY,ENTRY,ce_short,SELL,28050,92.71,300,-27813.0
33,2026-01-12,2026-01-27,2026-01-27,27518.5,60,5,300,EXPIRY,EXIT,ce_short,BUY,28050,0.0,300,0.0
33,2026-01-12,2026-01-27,2026-01-27,27518.5,60,5,300,EXPIRY,ENTRY,pe_short,SELL,26950,76.88,300,-23064.0
33,2026-01-12,2026-01-27,2026-01-27,27518.5,60,5,300,EXPIRY,EXIT,pe_short,BUY,26950,0.0,300,0.0
33,2026-01-12,2026-01-27,2026-01-27,27518.5,60,5,300,EXPIRY,ENTRY,wce_long,BUY,28200,64.41,300,19323.0
33,2026-01-12,2026-01-27,2026-01-27,27518.5,60,5,300,EXPIRY,EXIT,wce_long,SELL,28200,0.0,300,0.0
33,2026-01-12,2026-01-27,2026-01-27,27518.5,60,5,300,EXPIRY,ENTRY,wpe_long,BUY,26800,45.59,300,13677.0
33,2026-01-12,2026-01-27,2026-01-27,27518.5,60,5,300,EXPIRY,EXIT,wpe_long,SELL,26800,0.0,300,0.0
34,2026-02-02,2026-02-19,2026-02-24,26799.0,60,5,300,SL,ENTRY,ce_short,SELL,27350,203.5,300,-61050.0
34,2026-02-02,2026-02-19,2026-02-24,26799.0,60,5,300,SL,EXIT,ce_short,BUY,27350,988.55,300,296565.0
34,2026-02-02,2026-02-19,2026-02-24,26799.0,60,5,300,SL,ENTRY,pe_short,SELL,26250,176.35,300,-52905.0
34,2026-02-02,2026-02-19,2026-02-24,26799.0,60,5,300,SL,EXIT,pe_short,BUY,26250,6.1,300,1830.0
34,2026-02-02,2026-02-19,2026-02-24,26799.0,60,5,300,SL,ENTRY,wce_long,BUY,27500,169.32,300,50796.0
34,2026-02-02,2026-02-19,2026-02-24,26799.0,60,5,300,SL,EXIT,wce_long,SELL,27500,582.5,300,-174750.0
34,2026-02-02,2026-02-19,2026-02-24,26799.0,60,5,300,SL,ENTRY,wpe_long,BUY,26100,145.45,300,43635.0
34,2026-02-02,2026-02-19,2026-02-24,26799.0,60,5,300,SL,EXIT,wpe_long,SELL,26100,6.7,300,-2010.0
35,2026-04-06,2026-04-28,2026-04-28,24603.1,60,5,300,EXPIRY,ENTRY,ce_short,SELL,25100,2428.83,300,-728649.0
35,2026-04-06,2026-04-28,2026-04-28,24603.1,60,5,300,EXPIRY,EXIT,ce_short,BUY,25100,837.5,300,251250.0
35,2026-04-06,2026-04-28,2026-04-28,24603.1,60,5,300,EXPIRY,ENTRY,pe_short,SELL,24100,43.32,300,-12996.0
35,2026-04-06,2026-04-28,2026-04-28,24603.1,60,5,300,EXPIRY,EXIT,pe_short,BUY,24100,0.0,300,0.0
35,2026-04-06,2026-04-28,2026-04-28,24603.1,60,5,300,EXPIRY,ENTRY,wce_long,BUY,25250,84.97,300,25491.0
35,2026-04-06,2026-04-28,2026-04-28,24603.1,60,5,300,EXPIRY,EXIT,wce_long,SELL,25250,687.5,300,-206250.0
35,2026-04-06,2026-04-28,2026-04-28,24603.1,60,5,300,EXPIRY,ENTRY,wpe_long,BUY,23950,705.08,300,211524.0
35,2026-04-06,2026-04-28,2026-04-28,24603.1,60,5,300,EXPIRY,EXIT,wpe_long,SELL,23950,0.0,300,0.0
36,2026-05-04,2026-05-26,2026-05-26,25814.4,60,5,300,EXPIRY,ENTRY,ce_short,SELL,26350,476.92,300,-143076.0
36,2026-05-04,2026-05-26,2026-05-26,25814.4,60,5,300,EXPIRY,EXIT,ce_short,BUY,26350,0.0,300,0.0
36,2026-05-04,2026-05-26,2026-05-26,25814.4,60,5,300,EXPIRY,ENTRY,pe_short,SELL,25300,243.48,300,-73044.0
36,2026-05-04,2026-05-26,2026-05-26,25814.4,60,5,300,EXPIRY,EXIT,pe_short,BUY,25300,0.0,300,0.0
36,2026-05-04,2026-05-26,2026-05-26,25814.4,60,5,300,EXPIRY,ENTRY,wce_long,BUY,26500,274.18,300,82254.0
36,2026-05-04,2026-05-26,2026-05-26,25814.4,60,5,300,EXPIRY,EXIT,wce_long,SELL,26500,0.0,300,0.0
36,2026-05-04,2026-05-26,2026-05-26,25814.4,60,5,300,EXPIRY,ENTRY,wpe_long,BUY,25150,267.39,300,80217.0
36,2026-05-04,2026-05-26,2026-05-26,25814.4,60,5,300,EXPIRY,EXIT,wpe_long,SELL,25150,0.0,300,0.0
