datetime,open,high,low,close,volume
2026-03-06 09:15:00+0530,1303,1327.2,1303,1322.3,1175644
2026-03-06 09:30:00+0530,1322,1322.4,1316.1,1317.7,392466
2026-03-06 09:45:00+0530,1317.7,1319.4,1317.2,1318.3,157102
2026-03-06 10:00:00+0530,1318.6,1319.8,1317.8,1319,201303
2026-03-06 10:15:00+0530,1319.3,1320.6,1318.3,1320,230367
2026-03-06 10:30:00+0530,1320,1321,1315,1320,536495
2026-03-06 10:45:00+0530,1320.2,1320.2,1316.3,1317.7,248514
2026-03-06 11:00:00+0530,1317.7,1318.8,1316.2,1316.5,125455
2026-03-06 11:15:00+0530,1316.5,1316.5,1313,1313.8,187742
2026-03-06 11:30:00+0530,1313.7,1315.2,1312.7,1313,204491
2026-03-06 11:45:00+0530,1313,1315.6,1311.2,1314.2,252062
2026-03-06 12:00:00+0530,1314.2,1316.8,1312.5,1313,652517
2026-03-06 12:15:00+0530,1313,1315.6,1308.3,1309.1,336535
2026-03-06 12:30:00+0530,1309.5,1311.9,1308.8,1311.6,123252
2026-03-06 12:45:00+0530,1311.6,1312.7,1309.9,1311.2,91578
2026-03-06 13:00:00+0530,1311.2,1312.3,1307.5,1308,133946
2026-03-06 13:15:00+0530,1308,1309.3,1306.9,1307.7,284508
2026-03-06 13:30:00+0530,1307.7,1311.8,1307.2,1310.6,157830
2026-03-06 13:45:00+0530,1310.1,1310.7,1306.3,1306.8,310518
2026-03-06 14:00:00+0530,1306.8,1310.7,1305.4,1310.1,451440
2026-03-06 14:15:00+0530,1310.1,1314.4,1309.8,1311.8,248549
2026-03-06 14:30:00+0530,1312,1314.5,1311.2,1312.2,244033
2026-03-06 14:45:00+0530,1312.2,1313.5,1305.5,1309.4,522196
2026-03-06 15:00:00+0530,1309.7,1310.1,1306.7,1309.9,676842
2026-03-06 15:15:00+0530,1310,1312.4,1306.6,1311,692935
2026-03-09 09:15:00+0530,1290,1299.9,1282.5,1295,1296188
2026-03-09 09:30:00+0530,1295,1301,1288.1,1289.1,754132
2026-03-09 09:45:00+0530,1289.1,1294.8,1288.1,1291,272334
2026-03-09 10:00:00+0530,1291.4,1294.5,1290.3,1291.6,200090
2026-03-09 10:15:00+0530,1292.2,1296.3,1291.6,1293.5,197073
2026-03-09 10:30:00+0530,1293.5,1296,1291.2,1295.9,159913
2026-03-09 10:45:00+0530,1295.9,1302,1293.5,1297.5,382711
2026-03-09 11:00:00+0530,1297.3,1297.5,1293,1296.7,224574
2026-03-09 11:15:00+0530,1296.6,1303.3,1294.6,1300.8,462658
2026-03-09 11:30:00+0530,1300.3,1303.5,1297.9,1300.8,339642
2026-03-09 11:45:00+0530,1300.8,1304.8,1298.1,1298.9,371229
2026-03-09 12:00:00+0530,1298.9,1298.9,1294.1,1296.5,756416
2026-03-09 12:15:00+0530,1296.5,1299.5,1293.1,1299.4,423595
2026-03-09 12:30:00+0530,1299.4,1299.8,1296.1,1299.5,143249
2026-03-09 12:45:00+0530,1299.5,1299.9,1295.3,1299.6,197478
2026-03-09 13:00:00+0530,1299.4,1302.9,1299.1,1300.9,598697
2026-03-09 13:15:00+0530,1300.9,1302.6,1299.4,1300.7,357328
2026-03-09 13:30:00+0530,1300.6,1304.8,1300.3,1303.5,214652
2026-03-09 13:45:00+0530,1303.7,1304.1,1300,1301.9,159489
2026-03-09 14:00:00+0530,1301.9,1306,1301,1304.8,213451
2026-03-09 14:15:00+0530,1304.6,1305.4,1301.4,1305.3,243507
2026-03-09 14:30:00+0530,1305.3,1308.9,1305.2,1308,273191
2026-03-09 14:45:00+0530,1308,1313.9,1307.2,1311.2,385867
2026-03-09 15:00:00+0530,1311.3,1317.4,1309.7,1315.7,686723
2026-03-09 15:15:00+0530,1315.7,1318,1314,1316,700727
2026-03-10 09:15:00+0530,1320,1321,1300.1,1302,841255
2026-03-10 09:30:00+0530,1302.1,1302.2,1294.8,1298.5,701572
2026-03-10 09:45:00+0530,1298.5,1299.9,1294.6,1296.4,270443
2026-03-10 10:00:00+0530,1296.9,1298.8,1294,1298.4,209383
2026-03-10 10:15:00+0530,1298.4,1301,1296,1298.6,200085
2026-03-10 10:30:00+0530,1298.8,1302,1297,1300.5,176264
2026-03-10 10:45:00+0530,1300.6,1301,1298,1298.6,108712
2026-03-10 11:00:00+0530,1298.6,1299,1295.1,1297,135982
2026-03-10 11:15:00+0530,1297.1,1298.2,1294.2,1295.4,209296
2026-03-10 11:30:00+0530,1295.4,1296.6,1294.2,1294.5,134772
2026-03-10 11:45:00+0530,1294.8,1295.1,1290.2,1291.8,240100
2026-03-10 12:00:00+0530,1291.6,1293.1,1290.5,1290.7,172044
2026-03-10 12:15:00+0530,1290.7,1290.8,1287,1289.9,319857
2026-03-10 12:30:00+0530,1289.9,1292.7,1285.1,1285.1,749513
2026-03-10 12:45:00+0530,1285.3,1290.7,1284.1,1290.4,277945
2026-03-10 13:00:00+0530,1290.4,1292,1287.7,1288.8,424918
2026-03-10 13:15:00+0530,1288.8,1290.9,1287.5,1290.7,266344
2026-03-10 13:30:00+0530,1290.7,1294.9,1290.7,1292,430471
2026-03-10 13:45:00+0530,1292,1293.9,1291.2,1292.9,102325
2026-03-10 14:00:00+0530,1292.9,1296,1292,1293.4,243440
2026-03-10 14:15:00+0530,1293.3,1293.9,1291.3,1293.5,263981
2026-03-10 14:30:00+0530,1293.5,1295.2,1291.1,1293.3,368353
2026-03-10 14:45:00+0530,1293.2,1298,1292.9,1297.2,451296
2026-03-10 15:00:00+0530,1297.2,1297.2,1292.6,1295.1,1478809
2026-03-10 15:15:00+0530,1295.3,1298,1294.6,1296.5,771738
2026-03-11 09:15:00+0530,1288,1299.5,1287.4,1293.8,835122
2026-03-11 09:30:00+0530,1293.8,1293.8,1286.1,1287.2,862573
2026-03-11 09:45:00+0530,1287.4,1290.4,1286.5,1286.9,262771
2026-03-11 10:00:00+0530,1287,1287.9,1281.8,1283.3,368833
2026-03-11 10:15:00+0530,1283.1,1286.4,1282.8,1285,167648
2026-03-11 10:30:00+0530,1285.4,1286.5,1282.6,1283.2,168840
2026-03-11 10:45:00+0530,1283,1285,1282,1284.8,129791
2026-03-11 11:00:00+0530,1284.9,1286,1283.6,1285,111958
2026-03-11 11:15:00+0530,1285.2,1285.3,1282.3,1284.7,123640
2026-03-11 11:30:00+0530,1284.8,1284.8,1282.5,1284.3,98834
2026-03-11 11:45:00+0530,1284.5,1284.7,1282.2,1283.2,110214
2026-03-11 12:00:00+0530,1283.2,1285,1282.5,1283.8,133516
2026-03-11 12:15:00+0530,1283.9,1284.6,1281.5,1284.2,156164
2026-03-11 12:30:00+0530,1284.2,1285,1281.6,1284.9,251513
2026-03-11 12:45:00+0530,1284.9,1285,1281,1281.2,119297
2026-03-11 13:00:00+0530,1281.2,1283.7,1277.6,1279.9,501582
2026-03-11 13:15:00+0530,1279.8,1281,1278.7,1280.8,286162
2026-03-11 13:30:00+0530,1280.8,1282,1279.6,1279.9,283976
2026-03-11 13:45:00+0530,1279.9,1280.9,1277.6,1280.9,227172
2026-03-11 14:00:00+0530,1280.6,1281.5,1279,1280,143091
2026-03-11 14:15:00+0530,1279.9,1282,1277,1281.8,229829
2026-03-11 14:30:00+0530,1281.8,1281.9,1278.3,1279.3,252227
2026-03-11 14:45:00+0530,1279.3,1280.6,1277.2,1277.5,259534
2026-03-11 15:00:00+0530,1277.6,1280.3,1275,1277.1,629943
2026-03-11 15:15:00+0530,1277.2,1278,1271.3,1275.5,1093036
2026-03-12 09:15:00+0530,1272.5,1272.9,1262.6,1267,709085
2026-03-12 09:30:00+0530,1267,1269,1264.7,1267.7,376851
2026-03-12 09:45:00+0530,1267.6,1271.9,1264.9,1271.1,260338
2026-03-12 10:00:00+0530,1271.1,1271.5,1259.7,1261.4,360086
2026-03-12 10:15:00+0530,1261.4,1268.9,1258,1266.6,273040
2026-03-12 10:30:00+0530,1266.6,1269,1264.4,1267.6,137814
2026-03-12 10:45:00+0530,1267.9,1273.9,1266.6,1273.7,177762
2026-03-12 11:00:00+0530,1273.7,1275.7,1272.1,1273.3,196048
2026-03-12 11:15:00+0530,1273.1,1274.5,1269.5,1273.1,211433
2026-03-12 11:30:00+0530,1273.5,1275.3,1271,1275.1,130662
2026-03-12 11:45:00+0530,1275.4,1278.6,1274.3,1278.5,152847
2026-03-12 12:00:00+0530,1278.5,1278.5,1273.1,1274.3,147399
2026-03-12 12:15:00+0530,1274.4,1275.1,1271.8,1272.6,99559
2026-03-12 12:30:00+0530,1272.2,1274.5,1271.5,1273.2,163225
2026-03-12 12:45:00+0530,1273.3,1274.7,1272.6,1273.4,187457
2026-03-12 13:00:00+0530,1273.4,1274,1268.6,1271.6,198300
2026-03-12 13:15:00+0530,1271.7,1273.8,1269,1273.7,220976
2026-03-12 13:30:00+0530,1273.8,1275,1271,1271.4,296878
2026-03-12 13:45:00+0530,1271.4,1271.8,1269.4,1270.2,182010
2026-03-12 14:00:00+0530,1270.3,1272.7,1268.4,1271.7,207538
2026-03-12 14:15:00+0530,1271.7,1273.3,1266,1266,153977
2026-03-12 14:30:00+0530,1266.5,1271,1265.6,1266,306673
2026-03-12 14:45:00+0530,1266,1267.6,1263.1,1264.3,367898
2026-03-12 15:00:00+0530,1264.3,1270.1,1260.4,1265.6,1180111
2026-03-12 15:15:00+0530,1265.7,1268,1263.2,1265,877273
2026-03-13 09:15:00+0530,1251,1255,1247.9,1251.6,558818
2026-03-13 09:30:00+0530,1251.5,1254,1248.2,1253.5,254667
2026-03-13 09:45:00+0530,1253.5,1254.8,1249.4,1252.3,280336
2026-03-13 10:00:00+0530,1252.4,1256.6,1251.2,1256.3,229972
2026-03-13 10:15:00+0530,1256.3,1265.5,1255.9,1265.1,348260
2026-03-13 10:30:00+0530,1265.4,1269.6,1263.5,1267,233723
2026-03-13 10:45:00+0530,1267.4,1268.4,1264.3,1264.8,178643
2026-03-13 11:00:00+0530,1264.8,1265.4,1258.8,1261.2,242905
2026-03-13 11:15:00+0530,1261.5,1266.7,1260.1,1266.2,113053
2026-03-13 11:30:00+0530,1266.6,1266.8,1263.9,1264.9,95267
2026-03-13 11:45:00+0530,1264.7,1265.9,1261.2,1261.6,108954
2026-03-13 12:00:00+0530,1261.7,1263.9,1260.1,1263,113436
2026-03-13 12:15:00+0530,1263.2,1264.2,1261.2,1263,109045
2026-03-13 12:30:00+0530,1263,1263.3,1258.9,1260.3,225426
2026-03-13 12:45:00+0530,1260.3,1261.3,1256.1,1256.9,125869
2026-03-13 13:00:00+0530,1256.7,1256.9,1253,1253.5,125404
2026-03-13 13:15:00+0530,1253.6,1253.8,1250,1252.5,167222
2026-03-13 13:30:00+0530,1252.5,1253.7,1250,1250.5,110136
2026-03-13 13:45:00+0530,1250.8,1252.3,1248.1,1248.3,382942
2026-03-13 14:00:00+0530,1248.7,1252.4,1248.3,1252.2,553980
2026-03-13 14:15:00+0530,1252.2,1253.3,1249.6,1250.4,313531
2026-03-13 14:30:00+0530,1250.5,1253.3,1249,1251.8,500632
2026-03-13 14:45:00+0530,1251.8,1251.9,1247.4,1250.9,494268
2026-03-13 15:00:00+0530,1251.3,1252,1247.5,1248,675273
2026-03-13 15:15:00+0530,1248,1252.4,1242.6,1250.4,772449
2026-03-16 09:15:00+0530,1240.2,1254.3,1236,1242.9,1013462
2026-03-16 09:30:00+0530,1243.3,1244,1238.4,1240.5,262508
2026-03-16 09:45:00+0530,1240.5,1243.1,1237,1237.4,215203
2026-03-16 10:00:00+0530,1237,1239.7,1236.3,1238.1,182261
2026-03-16 10:15:00+0530,1237.9,1238,1228.1,1228.9,302861
2026-03-16 10:30:00+0530,1228.9,1232.8,1228.5,1231.9,228809
2026-03-16 10:45:00+0530,1231.9,1232.9,1226.2,1230,206621
2026-03-16 11:00:00+0530,1230.1,1231.4,1225.1,1229.9,374919
2026-03-16 11:15:00+0530,1230,1233.3,1229.5,1230.8,172545
2026-03-16 11:30:00+0530,1230.9,1232.6,1227.5,1227.5,127816
2026-03-16 11:45:00+0530,1227.6,1227.8,1224.2,1225.5,185911
2026-03-16 12:00:00+0530,1225.6,1229.5,1225.5,1227.5,118760
2026-03-16 12:15:00+0530,1227.5,1230.5,1227.3,1229.1,197626
2026-03-16 12:30:00+0530,1229,1230.3,1225.6,1228.2,294898
2026-03-16 12:45:00+0530,1228.2,1230.1,1226.4,1230,364631
2026-03-16 13:00:00+0530,1230,1232.5,1229.2,1230.5,302644
2026-03-16 13:15:00+0530,1230.4,1236,1230.4,1231.4,397931
2026-03-16 13:30:00+0530,1231.3,1232.7,1229.3,1231.3,698005
2026-03-16 13:45:00+0530,1231.2,1235.1,1231,1233.3,385921
2026-03-16 14:00:00+0530,1233.3,1236.2,1232.1,1234.4,300466
2026-03-16 14:15:00+0530,1234.4,1246.6,1232.5,1244.9,1177229
2026-03-16 14:30:00+0530,1244.9,1250,1243.6,1248.9,1318366
2026-03-16 14:45:00+0530,1248.8,1254.2,1248,1251.8,1137679
2026-03-16 15:00:00+0530,1251.8,1253.3,1248.5,1252.1,1295826
2026-03-16 15:15:00+0530,1252.3,1252.7,1244.4,1245.5,966970
2026-03-17 09:15:00+0530,1245,1245,1218.1,1223.7,1087421
2026-03-17 09:30:00+0530,1223.8,1224.5,1215.1,1223.7,727136
2026-03-17 09:45:00+0530,1223.3,1230.8,1220.3,1230.1,813285
2026-03-17 10:00:00+0530,1230,1230.6,1226.4,1230.3,375808
2026-03-17 10:15:00+0530,1230.5,1233.4,1230.2,1230.7,510632
2026-03-17 10:30:00+0530,1230.6,1236.5,1229.9,1235.1,487092
2026-03-17 10:45:00+0530,1235.1,1241.2,1235,1238,346988
2026-03-17 11:00:00+0530,1238,1240.9,1235.4,1236.1,200888
2026-03-17 11:15:00+0530,1236.1,1236.2,1230.4,1230.7,316520
2026-03-17 11:30:00+0530,1231,1233.9,1229.2,1232.4,188647
2026-03-17 11:45:00+0530,1232.3,1234,1229.4,1233.7,207867
2026-03-17 12:00:00+0530,1233.7,1235.1,1232.4,1234,118765
2026-03-17 12:15:00+0530,1234.2,1234.8,1230.3,1232.1,131434
2026-03-17 12:30:00+0530,1232.3,1233.6,1230.5,1232.8,127531
2026-03-17 12:45:00+0530,1232.7,1235.9,1231.8,1233,162207
2026-03-17 13:00:00+0530,1233,1234.4,1232,1234,154311
2026-03-17 13:15:00+0530,1234.2,1235,1232.7,1233.9,300872
2026-03-17 13:30:00+0530,1234,1235.9,1231.6,1232.4,243709
2026-03-17 13:45:00+0530,1232.9,1235.1,1231.8,1232.1,187560
2026-03-17 14:00:00+0530,1232.5,1235.6,1231.3,1233.8,287012
2026-03-17 14:15:00+0530,1234,1234.1,1231.1,1231.7,185555
2026-03-17 14:30:00+0530,1232,1234,1231.2,1232.8,217623
2026-03-17 14:45:00+0530,1232.8,1235.9,1231.7,1235.9,431240
2026-03-17 15:00:00+0530,1235.7,1237.5,1230,1237.1,1990776
2026-03-17 15:15:00+0530,1237.1,1237.1,1229,1234,1380350
2026-03-18 09:15:00+0530,1238,1260.2,1234.9,1257.3,1195865
2026-03-18 09:30:00+0530,1257.1,1270,1254.2,1269.9,672101
2026-03-18 09:45:00+0530,1269.8,1276,1268.5,1271.6,608400
2026-03-18 10:00:00+0530,1271.9,1275.6,1271.3,1274.6,385086
2026-03-18 10:15:00+0530,1274.7,1280.7,1274.2,1278,533805
2026-03-18 10:30:00+0530,1277.7,1278.9,1275,1276.8,223528
2026-03-18 10:45:00+0530,1277,1284,1276.8,1282.3,481661
2026-03-18 11:00:00+0530,1282.5,1282.8,1280,1282.1,176868
2026-03-18 11:15:00+0530,1281.9,1288.8,1281,1288.6,382351
2026-03-18 11:30:00+0530,1288.3,1290.8,1285.9,1288.7,492254
2026-03-18 11:45:00+0530,1288.7,1289.9,1282,1282.5,345609
2026-03-18 12:00:00+0530,1282.6,1282.6,1278,1281,314629
2026-03-18 12:15:00+0530,1281,1283.8,1280,1283.1,588664
2026-03-18 12:30:00+0530,1283.1,1286.3,1283,1285.4,535459
2026-03-18 12:45:00+0530,1285.3,1289.4,1283,1283,748887
2026-03-18 13:00:00+0530,1283.3,1285,1280.5,1282.5,205526
2026-03-18 13:15:00+0530,1282.4,1284.7,1280.5,1282.5,304792
2026-03-18 13:30:00+0530,1282.6,1284.5,1280.7,1281.4,258840
2026-03-18 13:45:00+0530,1281.5,1283.9,1279.1,1280.1,322339
2026-03-18 14:00:00+0530,1280.2,1281.1,1276.4,1277.2,313330
2026-03-18 14:15:00+0530,1277.1,1278.4,1276,1276.7,221180
2026-03-18 14:30:00+0530,1276.8,1276.8,1271.4,1272.9,401175
2026-03-18 14:45:00+0530,1272.7,1274.2,1270.4,1271.3,377162
2026-03-18 15:00:00+0530,1271.4,1271.5,1266.6,1267.1,1166109
2026-03-18 15:15:00+0530,1267.3,1267.4,1263.5,1266.7,1066159
2026-03-19 09:15:00+0530,1244.2,1255,1240,1240.8,703418
2026-03-19 09:30:00+0530,1240.9,1244.9,1239,1242,448109
2026-03-19 09:45:00+0530,1242,1242.1,1237.2,1239.2,315311
2026-03-19 10:00:00+0530,1239,1241.2,1237.2,1237.5,196535
2026-03-19 10:15:00+0530,1237.6,1240.9,1236.3,1237.6,206976
2026-03-19 10:30:00+0530,1237.8,1238.8,1235.4,1236.6,238762
2026-03-19 10:45:00+0530,1236.6,1236.9,1233,1233.3,265284
2026-03-19 11:00:00+0530,1233.1,1233.6,1230.2,1231,227851
2026-03-19 11:15:00+0530,1231.1,1233,1230.1,1230.2,219618
2026-03-19 11:30:00+0530,1230.4,1232.8,1230,1231.9,167999
2026-03-19 11:45:00+0530,1231.9,1236.4,1230.9,1234.1,188737
2026-03-19 12:00:00+0530,1234,1235.5,1232.9,1234.8,145055
2026-03-19 12:15:00+0530,1234.8,1235.2,1231,1232.4,173149
2026-03-19 12:30:00+0530,1232.4,1232.8,1230.7,1231.5,89358
2026-03-19 12:45:00+0530,1231.6,1233.5,1231.2,1232.8,194673
2026-03-19 13:00:00+0530,1232.8,1232.9,1229.1,1229.7,211063
2026-03-19 13:15:00+0530,1229.6,1231.7,1229.4,1231.2,98861
2026-03-19 13:30:00+0530,1231.2,1233,1230,1231.8,190169
2026-03-19 13:45:00+0530,1231.7,1232.4,1228.1,1229.2,207983
2026-03-19 14:00:00+0530,1229.2,1229.9,1224,1226,263672
2026-03-19 14:15:00+0530,1225.9,1227.4,1223.4,1225,332925
2026-03-19 14:30:00+0530,1225,1228.7,1224.5,1226,525747
2026-03-19 14:45:00+0530,1225.8,1226,1220.9,1221.9,411310
2026-03-19 15:00:00+0530,1222.1,1225.2,1215.1,1219.9,2061780
2026-03-19 15:15:00+0530,1219.8,1226.5,1218.9,1225.9,1035227
2026-03-20 09:15:00+0530,1242,1251.2,1238.3,1248,1148991
2026-03-20 09:30:00+0530,1247.7,1248.4,1238.1,1241.1,535623
2026-03-20 09:45:00+0530,1241.3,1248.9,1238.7,1246.7,552270
2026-03-20 10:00:00+0530,1246.7,1249.9,1245.5,1248,365095
2026-03-20 10:15:00+0530,1247.9,1254,1246.3,1253.5,413891
2026-03-20 10:30:00+0530,1253.5,1254.1,1250,1253.1,196755
2026-03-20 10:45:00+0530,1252.9,1253.3,1250,1251.6,131166
2026-03-20 11:00:00+0530,1251.9,1252,1246.4,1247.5,195815
2026-03-20 11:15:00+0530,1247.5,1249.7,1246.6,1249.1,143020
2026-03-20 11:30:00+0530,1249.1,1250,1244.7,1245.5,186476
2026-03-20 11:45:00+0530,1245.3,1245.6,1240,1241.4,200738
2026-03-20 12:00:00+0530,1241.6,1241.7,1238.5,1240.1,153317
2026-03-20 12:15:00+0530,1239.7,1240,1235.1,1235.6,210245
2026-03-20 12:30:00+0530,1235.3,1237.7,1233.2,1236.7,217153
2026-03-20 12:45:00+0530,1236.7,1239.3,1236,1237,195171
2026-03-20 13:00:00+0530,1237,1238.9,1236.4,1238.7,228766
2026-03-20 13:15:00+0530,1238.8,1240,1236.8,1237.8,140489
2026-03-20 13:30:00+0530,1238,1240,1237.5,1237.8,254490
2026-03-20 13:45:00+0530,1237.5,1239.4,1235.7,1237.8,182634
2026-03-20 14:00:00+0530,1237.8,1239.4,1236.8,1237,219294
2026-03-20 14:15:00+0530,1237,1238,1235.1,1235.3,193913
2026-03-20 14:30:00+0530,1235.3,1236.6,1232,1232,230727
2026-03-20 14:45:00+0530,1232,1233.7,1229.2,1231.8,358668
2026-03-20 15:00:00+0530,1231.8,1260.9,1231.3,1255.4,11386909
2026-03-20 15:15:00+0530,1255,1264.8,1252.4,1256,9153581
2026-03-23 09:15:00+0530,1238.2,1241.7,1227.4,1238.8,1133995
2026-03-23 09:30:00+0530,1239,1252.7,1238.4,1252.1,790816
2026-03-23 09:45:00+0530,1252.1,1253.9,1246.8,1247.6,622503
2026-03-23 10:00:00+0530,1247.9,1249.9,1246,1248.5,355423
2026-03-23 10:15:00+0530,1248.5,1250.4,1245.7,1247.2,283404
2026-03-23 10:30:00+0530,1247,1256.6,1247,1255.7,363980
2026-03-23 10:45:00+0530,1255.7,1255.7,1250,1251.4,233435
2026-03-23 11:00:00+0530,1251.4,1254.6,1248.1,1249.7,210612
2026-03-23 11:15:00+0530,1249.7,1251.2,1243.6,1244.9,287150
2026-03-23 11:30:00+0530,1244.9,1251.6,1244,1245.9,323397
2026-03-23 11:45:00+0530,1246.2,1250.1,1245,1249.2,226598
2026-03-23 12:00:00+0530,1249.2,1255,1248,1252.1,245795
2026-03-23 12:15:00+0530,1251.8,1252.1,1244.7,1247.5,315847
2026-03-23 12:30:00+0530,1247.8,1249.5,1246.8,1248,186922
2026-03-23 12:45:00+0530,1248,1248.2,1244.7,1246.3,185217
2026-03-23 13:00:00+0530,1246.4,1246.5,1243,1246,282523
2026-03-23 13:15:00+0530,1246,1247.8,1244,1245.9,330906
2026-03-23 13:30:00+0530,1245.9,1249.9,1245.8,1249.1,326568
2026-03-23 13:45:00+0530,1249.1,1254.2,1248.9,1253,447630
2026-03-23 14:00:00+0530,1253,1258.4,1252.3,1256.3,751061
2026-03-23 14:15:00+0530,1256.4,1258.9,1255.4,1258.2,475442
2026-03-23 14:30:00+0530,1258.1,1258.5,1254.1,1256.6,567348
2026-03-23 14:45:00+0530,1256.9,1261.1,1255.4,1260.8,716925
2026-03-23 15:00:00+0530,1260.9,1260.9,1253.7,1258.8,1547707
2026-03-23 15:15:00+0530,1258.8,1259.4,1248.6,1253,1161747
2026-03-24 09:15:00+0530,1269,1270.4,1251,1258.7,624167
2026-03-24 09:30:00+0530,1258.7,1263.2,1256.2,1258,627598
2026-03-24 09:45:00+0530,1258.1,1265.3,1255.8,1263.3,233344
2026-03-24 10:00:00+0530,1263.4,1265.8,1262,1265.1,538868
2026-03-24 10:15:00+0530,1265,1273.4,1265,1272.9,408308
2026-03-24 10:30:00+0530,1272.9,1272.9,1266.4,1270,680416
2026-03-24 10:45:00+0530,1270.1,1272.6,1269,1271.5,352374
2026-03-24 11:00:00+0530,1271.5,1277,1271,1275.7,334261
2026-03-24 11:15:00+0530,1275.6,1282.8,1275.1,1282.3,495731
2026-03-24 11:30:00+0530,1282.4,1287.4,1280.4,1283.3,378320
2026-03-24 11:45:00+0530,1283.5,1293.6,1283,1292.4,428170
2026-03-24 12:00:00+0530,1292.4,1295,1289.7,1290.7,1043584
2026-03-24 12:15:00+0530,1290.7,1296,1287.9,1291.6,355989
2026-03-24 12:30:00+0530,1291.5,1293.9,1286.8,1288.3,372044
2026-03-24 12:45:00+0530,1288.3,1292.5,1288,1291.9,298904
2026-03-24 13:00:00+0530,1292.1,1292.1,1286.7,1290,427733
2026-03-24 13:15:00+0530,1289.9,1295,1288.5,1293.7,480401
2026-03-24 13:30:00+0530,1293.7,1296.7,1292.6,1295.6,548277
2026-03-24 13:45:00+0530,1295.9,1297,1294.2,1295.3,830104
2026-03-24 14:00:00+0530,1295.3,1295.5,1290,1290.4,443859
2026-03-24 14:15:00+0530,1290.5,1292.3,1286.1,1286.3,410837
2026-03-24 14:30:00+0530,1286.3,1288.7,1284.6,1286.5,521181
2026-03-24 14:45:00+0530,1286.9,1288.7,1283.7,1284.7,539968
2026-03-24 15:00:00+0530,1284.9,1284.9,1275.6,1276.3,1273895
2026-03-24 15:15:00+0530,1276.5,1282,1275,1280.2,919643
2026-03-25 09:15:00+0530,1270,1272.6,1257.1,1268.9,940962
2026-03-25 09:30:00+0530,1268.9,1271.9,1268,1271.4,272458
2026-03-25 09:45:00+0530,1271.6,1280.5,1270.1,1280,542757
2026-03-25 10:00:00+0530,1280.1,1282.8,1277.6,1281.4,883363
2026-03-25 10:15:00+0530,1281.4,1284,1279,1281.7,287635
2026-03-25 10:30:00+0530,1282,1285,1280.2,1284.1,271255
2026-03-25 10:45:00+0530,1284.1,1285.9,1282.4,1283.8,200326
2026-03-25 11:00:00+0530,1283.9,1290.6,1283.8,1289.7,294259
2026-03-25 11:15:00+0530,1289.7,1289.9,1284.6,1285.5,244111
2026-03-25 11:30:00+0530,1285.7,1287.1,1283,1285.5,478579
2026-03-25 11:45:00+0530,1285.4,1288.8,1284.3,1286.3,300622
2026-03-25 12:00:00+0530,1286.7,1288,1284.7,1287.5,196482
2026-03-25 12:15:00+0530,1287.6,1288.9,1285.4,1287.4,209467
2026-03-25 12:30:00+0530,1287.5,1289.4,1286.7,1287.9,181338
2026-03-25 12:45:00+0530,1287.9,1288.3,1285,1285,201495
2026-03-25 13:00:00+0530,1285.1,1287.7,1284.5,1285.4,180342
2026-03-25 13:15:00+0530,1285.4,1287.5,1284.5,1286.1,399950
2026-03-25 13:30:00+0530,1286.6,1288.9,1285.2,1286.3,146324
2026-03-25 13:45:00+0530,1286.5,1289.9,1285.3,1286.2,211130
2026-03-25 14:00:00+0530,1286.4,1287.4,1282.7,1284.5,484582
2026-03-25 14:15:00+0530,1284.3,1285.3,1277.2,1278.7,471044
2026-03-25 14:30:00+0530,1278.9,1281.7,1276.3,1280.8,413555
2026-03-25 14:45:00+0530,1281.1,1281.7,1277,1279.3,565099
2026-03-25 15:00:00+0530,1279,1280.8,1277.4,1280,1004246
2026-03-25 15:15:00+0530,1280,1280.7,1276.3,1279.5,1259745
2026-03-27 09:15:00+0530,1285.2,1294.8,1279.1,1287,1233224
2026-03-27 09:30:00+0530,1287.5,1288,1283.6,1285.5,460068
2026-03-27 09:45:00+0530,1285.5,1287,1276.7,1277.8,479396
2026-03-27 10:00:00+0530,1277.8,1281.7,1277,1281,348334
2026-03-27 10:15:00+0530,1281.3,1285.6,1281.1,1284,294581
2026-03-27 10:30:00+0530,1284.3,1286.6,1278.5,1278.9,246464
2026-03-27 10:45:00+0530,1278.9,1278.9,1273.6,1277.4,388120
2026-03-27 11:00:00+0530,1277.4,1278.7,1274,1278.7,284388
2026-03-27 11:15:00+0530,1278.7,1278.9,1272,1272.2,279105
2026-03-27 11:30:00+0530,1272.4,1274.7,1270.6,1271.7,162068
2026-03-27 11:45:00+0530,1271.7,1277,1271.2,1276.2,165854
2026-03-27 12:00:00+0530,1276.4,1278,1274.2,1278,188200
2026-03-27 12:15:00+0530,1278,1279.4,1275.3,1276.5,303865
2026-03-27 12:30:00+0530,1276.5,1281.1,1275.9,1281,296811
2026-03-27 12:45:00+0530,1281,1281.4,1277.8,1278.4,286167
2026-03-27 13:00:00+0530,1278.4,1280.1,1276.2,1280.1,272271
2026-03-27 13:15:00+0530,1280,1282,1273.8,1273.8,291745
2026-03-27 13:30:00+0530,1274,1276.6,1272.1,1275.3,163368
2026-03-27 13:45:00+0530,1275.3,1276.3,1274,1275.4,229867
2026-03-27 14:00:00+0530,1275.4,1276.1,1269.3,1269.6,339470
2026-03-27 14:15:00+0530,1269.4,1275.8,1268.6,1274.1,482049
2026-03-27 14:30:00+0530,1274,1274.1,1269.3,1270.6,454719
2026-03-27 14:45:00+0530,1270.6,1274.3,1270.1,1272.3,734699
2026-03-27 15:00:00+0530,1271.8,1274.6,1269.7,1270,2407331
2026-03-27 15:15:00+0530,1270,1270.4,1263.2,1266.4,2126176
2026-03-30 09:15:00+0530,1250,1262.1,1247,1261.1,764753
2026-03-30 09:30:00+0530,1261.5,1265.5,1260,1261.3,264657
2026-03-30 09:45:00+0530,1261.6,1262,1257.7,1258.7,206185
2026-03-30 10:00:00+0530,1258.5,1261.3,1257.6,1260.3,307949
2026-03-30 10:15:00+0530,1260.3,1260.5,1255.8,1257.7,216921
2026-03-30 10:30:00+0530,1257.8,1260,1254.8,1255.9,254676
2026-03-30 10:45:00+0530,1255.9,1258.9,1255,1258.1,227526
2026-03-30 11:00:00+0530,1258.1,1258.4,1253.7,1257.5,317357
2026-03-30 11:15:00+0530,1257.5,1259.7,1255.7,1258,190323
2026-03-30 11:30:00+0530,1258,1261.6,1256.1,1257.9,263268
2026-03-30 11:45:00+0530,1257.7,1258.2,1254.8,1256.5,211394
2026-03-30 12:00:00+0530,1256.5,1262.6,1256.1,1262.4,260100
2026-03-30 12:15:00+0530,1262.2,1264.5,1260.3,1261.7,161884
2026-03-30 12:30:00+0530,1261.7,1262.8,1260.6,1261.1,149137
2026-03-30 12:45:00+0530,1261.1,1261.1,1257.9,1258,132196
2026-03-30 13:00:00+0530,1258,1258.8,1256.3,1257.9,133892
2026-03-30 13:15:00+0530,1257.9,1259.5,1255.9,1258.8,361012
2026-03-30 13:30:00+0530,1258.8,1259.7,1254.2,1255.1,414257
2026-03-30 13:45:00+0530,1255.1,1256.9,1247.5,1249.3,452105
2026-03-30 14:00:00+0530,1249.3,1252.8,1245,1245.6,418420
2026-03-30 14:15:00+0530,1245.6,1246.9,1243,1244.6,474442
2026-03-30 14:30:00+0530,1244.4,1251.5,1244,1250.7,788633
2026-03-30 14:45:00+0530,1250.5,1253.1,1247.9,1252.9,914716
2026-03-30 15:00:00+0530,1252.2,1254.1,1246.1,1252.5,3371034
2026-03-30 15:15:00+0530,1252.5,1253.5,1245.5,1249.8,2778201
2026-04-01 09:15:00+0530,1290,1297.8,1282.6,1282.9,1133992
2026-04-01 09:30:00+0530,1282.9,1287.4,1279.2,1286.2,303764
2026-04-01 09:45:00+0530,1285.8,1296,1285,1295.1,451959
2026-04-01 10:00:00+0530,1295.5,1303,1294,1298,505303
2026-04-01 10:15:00+0530,1298.2,1301.2,1296.1,1298.6,293104
2026-04-01 10:30:00+0530,1298.1,1300,1296.3,1298.7,214196
2026-04-01 10:45:00+0530,1298.5,1298.6,1292.5,1293.4,187396
2026-04-01 11:00:00+0530,1293.1,1298,1291.4,1296,220842
2026-04-01 11:15:00+0530,1295.9,1296,1292.3,1293.2,153082
2026-04-01 11:30:00+0530,1293.3,1294.5,1290.2,1291.7,161295
2026-04-01 11:45:00+0530,1291.7,1295,1289.6,1294.2,213952
2026-04-01 12:00:00+0530,1294.3,1299.6,1293.3,1297.7,269976
2026-04-01 12:15:00+0530,1297.5,1297.7,1287.8,1288.8,172848
2026-04-01 12:30:00+0530,1288.4,1291.6,1287.5,1289.4,129523
2026-04-01 12:45:00+0530,1289.3,1291.3,1286.4,1286.7,96701
2026-04-01 13:00:00+0530,1286.2,1286.7,1282.8,1285.5,125752
2026-04-01 13:15:00+0530,1285.2,1286.5,1280,1280.3,122879
2026-04-01 13:30:00+0530,1280,1280.5,1270.9,1272.5,246553
2026-04-01 13:45:00+0530,1272.3,1278.6,1271.9,1276.3,164646
2026-04-01 14:00:00+0530,1276.2,1277.9,1275.3,1277,84454
2026-04-01 14:15:00+0530,1276.8,1277.1,1274,1275,113757
2026-04-01 14:30:00+0530,1274.9,1277,1271.9,1273.7,154314
2026-04-01 14:45:00+0530,1273.4,1275.7,1269.5,1269.9,715323
2026-04-01 15:00:00+0530,1270.6,1277.6,1269.5,1276.8,891338
2026-04-01 15:15:00+0530,1276.8,1279.1,1276.3,1278,599856
2026-04-02 09:15:00+0530,1260,1276.7,1259.8,1271.6,577973
2026-04-02 09:30:00+0530,1271.8,1274.9,1265.2,1268,316310
2026-04-02 09:45:00+0530,1268,1269.3,1261.3,1262.1,230910
2026-04-02 10:00:00+0530,1262.6,1265.8,1260.6,1263.2,173530
2026-04-02 10:15:00+0530,1263.4,1270.1,1262,1268.8,250137
2026-04-02 10:30:00+0530,1269.2,1271.7,1268.6,1269.1,117367
2026-04-02 10:45:00+0530,1269.1,1272.3,1268.3,1271.7,188261
2026-04-02 11:00:00+0530,1271.7,1271.9,1266,1267.8,263499
2026-04-02 11:15:00+0530,1267.9,1269.6,1265,1269.6,215669
2026-04-02 11:30:00+0530,1269.6,1272.5,1268,1270.2,563648
2026-04-02 11:45:00+0530,1270.1,1271,1264.2,1266.5,288520
2026-04-02 12:00:00+0530,1266.4,1266.9,1263.3,1266.4,198178
2026-04-02 12:15:00+0530,1266.4,1267.8,1263.2,1267.5,158281
2026-04-02 12:30:00+0530,1268,1270,1266.1,1268.8,169394
2026-04-02 12:45:00+0530,1268.8,1271.3,1266.5,1267.8,472116
2026-04-02 13:00:00+0530,1267.8,1273.7,1266.1,1273.6,505694
2026-04-02 13:15:00+0530,1273.6,1282.1,1272.7,1281.8,519527
2026-04-02 13:30:00+0530,1281.5,1286.5,1278.2,1285.5,380223
2026-04-02 13:45:00+0530,1285.5,1289,1281.2,1284,504472
2026-04-02 14:00:00+0530,1284,1294.5,1280.9,1294.5,679576
2026-04-02 14:15:00+0530,1294.5,1296.9,1290.2,1294.5,360274
2026-04-02 14:30:00+0530,1294.5,1297.9,1291.1,1292.4,579599
2026-04-02 14:45:00+0530,1292.6,1301,1290.7,1298,807295
2026-04-02 15:00:00+0530,1298.9,1305,1298.3,1304.5,2140397
2026-04-02 15:15:00+0530,1304.2,1305.4,1293.7,1297.5,2185208
2026-04-06 09:15:00+0530,1301.4,1320,1299,1315.2,1444171
2026-04-06 09:30:00+0530,1315,1316.4,1302.7,1307.4,752035
2026-04-06 09:45:00+0530,1307.7,1309.9,1304.1,1309.7,439554
2026-04-06 10:00:00+0530,1309.8,1314.5,1308.5,1313.1,263028
2026-04-06 10:15:00+0530,1313,1313.5,1307.6,1311.7,244114
2026-04-06 10:30:00+0530,1311.4,1312.9,1308.5,1312.8,162970
2026-04-06 10:45:00+0530,1312.4,1313.3,1309.4,1312.1,174653
2026-04-06 11:00:00+0530,1312.1,1312.1,1307.6,1308,252579
2026-04-06 11:15:00+0530,1308.1,1311.2,1307.1,1309.3,292757
2026-04-06 11:30:00+0530,1309.3,1310.5,1305.2,1309.4,394461
2026-04-06 11:45:00+0530,1309.5,1310.9,1307.8,1309,273751
2026-04-06 12:00:00+0530,1309.2,1310.8,1308.4,1310,233856
2026-04-06 12:15:00+0530,1310.2,1315,1309.2,1311.3,249451
2026-04-06 12:30:00+0530,1311.8,1311.8,1303.2,1305.8,493824
2026-04-06 12:45:00+0530,1306.1,1312.2,1305.8,1311.7,299015
2026-04-06 13:00:00+0530,1312,1313.7,1310,1313.1,284175
2026-04-06 13:15:00+0530,1313.2,1314.9,1309.9,1310,323764
2026-04-06 13:30:00+0530,1310.2,1313.2,1310,1311.7,245394
2026-04-06 13:45:00+0530,1311.8,1311.8,1306.9,1307.1,538020
2026-04-06 14:00:00+0530,1307,1309.5,1306.6,1307.5,221136
2026-04-06 14:15:00+0530,1307.7,1309.4,1305.4,1306,389671
2026-04-06 14:30:00+0530,1306,1306.9,1304.2,1304.5,329091
2026-04-06 14:45:00+0530,1304.3,1306,1300.1,1304.9,746094
2026-04-06 15:00:00+0530,1304.9,1307.4,1304.6,1306.6,610300
2026-04-06 15:15:00+0530,1306.8,1307.8,1305,1307,507151
2026-04-07 09:15:00+0530,1302,1310.9,1293.5,1310.5,630017
2026-04-07 09:30:00+0530,1310.5,1315.8,1300.3,1301.4,473507
2026-04-07 09:45:00+0530,1301.7,1319.8,1301.7,1319.6,556376
2026-04-07 10:00:00+0530,1319.3,1322.4,1318.1,1321,482092
2026-04-07 10:15:00+0530,1321,1324.8,1319.7,1321.5,339975
2026-04-07 10:30:00+0530,1321.8,1324.7,1319.1,1324.4,224360
2026-04-07 10:45:00+0530,1324.4,1327,1320.5,1321.4,326582
2026-04-07 11:00:00+0530,1321.4,1326,1319.7,1324.4,581996
2026-04-07 11:15:00+0530,1324.5,1336,1323.1,1335,883784
2026-04-07 11:30:00+0530,1334.9,1339.4,1332.1,1334.4,544581
2026-04-07 11:45:00+0530,1334.4,1338,1331.5,1335.2,303017
2026-04-07 12:00:00+0530,1335.3,1335.6,1329.1,1331.2,258938
2026-04-07 12:15:00+0530,1330.4,1331.7,1325.5,1325.5,352236
2026-04-07 12:30:00+0530,1325.6,1328,1325.6,1325.6,213320
2026-04-07 12:45:00+0530,1325.9,1327.5,1325.1,1326.9,221177
2026-04-07 13:00:00+0530,1326.7,1333,1326.7,1331.5,622370
2026-04-07 13:15:00+0530,1331.9,1333,1331.1,1331.6,190811
2026-04-07 13:30:00+0530,1331.7,1335,1331.7,1333.6,304377
2026-04-07 13:45:00+0530,1333.8,1334.9,1329.6,1330,463556
2026-04-07 14:00:00+0530,1330.1,1332.4,1329.9,1330.8,762115
2026-04-07 14:15:00+0530,1330.6,1331.5,1327.8,1330.1,523896
2026-04-07 14:30:00+0530,1330.1,1332,1329,1330.6,549115
2026-04-07 14:45:00+0530,1330.7,1336.3,1330.1,1335,1022590
2026-04-07 15:00:00+0530,1334.9,1341.9,1333.7,1341,2439105
2026-04-07 15:15:00+0530,1341.7,1345.1,1337,1340,2065628
2026-04-08 09:15:00+0530,1349,1376.9,1341.2,1343.5,1907855
2026-04-08 09:30:00+0530,1342.8,1345,1334.4,1341.1,748970
2026-04-08 09:45:00+0530,1340.8,1345,1339,1343,698965
2026-04-08 10:00:00+0530,1342.9,1344.4,1335,1335.8,407828
2026-04-08 10:15:00+0530,1335.8,1336.2,1331,1331.6,484717
2026-04-08 10:30:00+0530,1331.6,1341.7,1331,1341.4,775769
2026-04-08 10:45:00+0530,1341.1,1342.8,1336.1,1338.8,460205
2026-04-08 11:00:00+0530,1338.7,1340.7,1336.2,1337.7,402266
2026-04-08 11:15:00+0530,1338,1340,1336,1337.1,513243
2026-04-08 11:30:00+0530,1336.6,1339.5,1334.4,1339.4,588102
2026-04-08 11:45:00+0530,1339.4,1342.5,1335.9,1336.6,471809
2026-04-08 12:00:00+0530,1336.7,1343.3,1336,1341.7,613529
2026-04-08 12:15:00+0530,1341.7,1344,1341,1342.8,332631
2026-04-08 12:30:00+0530,1343.2,1343.5,1340.3,1342.9,373392
2026-04-08 12:45:00+0530,1342.9,1343,1340.5,1342.1,252626
2026-04-08 13:00:00+0530,1342.1,1347.3,1341.8,1346.2,447935
2026-04-08 13:15:00+0530,1346.4,1347.5,1344.2,1345,447374
2026-04-08 13:30:00+0530,1345.1,1349.7,1342.7,1343.2,305993
2026-04-08 13:45:00+0530,1343.2,1346,1343,1344.9,395839
2026-04-08 14:00:00+0530,1344.8,1345.2,1341.6,1342.6,611953
2026-04-08 14:15:00+0530,1342.9,1347.9,1341.4,1345.3,852892
2026-04-08 14:30:00+0530,1345,1346.9,1342.2,1344.1,669011
2026-04-08 14:45:00+0530,1344.5,1347.5,1343.2,1346.7,789462
2026-04-08 15:00:00+0530,1346.7,1349,1342,1348,1018375
2026-04-08 15:15:00+0530,1348.1,1348.1,1344,1346,1307084
2026-04-09 09:15:00+0530,1329.9,1332.5,1314.7,1327.5,1964985
2026-04-09 09:30:00+0530,1327.5,1328,1315,1315.1,987577
2026-04-09 09:45:00+0530,1315,1320,1314,1315.2,978813
2026-04-09 10:00:00+0530,1315.2,1319,1314.5,1318.3,520546
2026-04-09 10:15:00+0530,1318.3,1320,1316,1318.6,489280
2026-04-09 10:30:00+0530,1318.3,1321,1318,1320,279280
2026-04-09 10:45:00+0530,1319.9,1322.7,1319.3,1322.1,321442
2026-04-09 11:00:00+0530,1322.1,1325,1321.1,1324.2,284793
2026-04-09 11:15:00+0530,1324,1324.6,1315.5,1320.6,463008
2026-04-09 11:30:00+0530,1321,1324.8,1320.4,1324,367728
2026-04-09 11:45:00+0530,1323.7,1329.8,1323.5,1327.1,623306
2026-04-09 12:00:00+0530,1327,1327.9,1324.8,1324.9,296036
2026-04-09 12:15:00+0530,1325,1327.5,1324.5,1326,268731
2026-04-09 12:30:00+0530,1326.2,1327.3,1324.5,1327,188416
2026-04-09 12:45:00+0530,1327,1332,1324.5,1330.5,389130
2026-04-09 13:00:00+0530,1330.6,1331.8,1329.2,1330.5,286214
2026-04-09 13:15:00+0530,1330.9,1330.9,1325.5,1327,385661
2026-04-09 13:30:00+0530,1327,1329.8,1326.4,1328.9,276872
2026-04-09 13:45:00+0530,1328.7,1330,1327.7,1329,177040
2026-04-09 14:00:00+0530,1328.9,1329.5,1326.4,1328.2,247560
2026-04-09 14:15:00+0530,1328,1330,1326.3,1327.5,330461
2026-04-09 14:30:00+0530,1327.6,1331.6,1325,1330.9,573235
2026-04-09 14:45:00+0530,1331,1332.6,1329.8,1330.8,634278
2026-04-09 15:00:00+0530,1331,1337.5,1327.9,1334.6,2131834
2026-04-09 15:15:00+0530,1334.1,1334.6,1327.5,1330.5,1256618
2026-04-10 09:15:00+0530,1318,1318.9,1298,1300.2,2478838
2026-04-10 09:30:00+0530,1300.4,1300.8,1287,1288.7,1757945
2026-04-10 09:45:00+0530,1288.9,1295,1285,1294.2,1127842
2026-04-10 10:00:00+0530,1293.9,1294.1,1287.7,1289.2,706652
2026-04-10 10:15:00+0530,1289.3,1291,1288.3,1290.2,450909
2026-04-10 10:30:00+0530,1290,1291.6,1288.5,1289.2,409733
2026-04-10 10:45:00+0530,1289.2,1289.4,1287.1,1287.4,440015
2026-04-10 11:00:00+0530,1287.5,1288.4,1286.3,1287.7,472518
2026-04-10 11:15:00+0530,1287.4,1287.8,1284.1,1285.2,694407
2026-04-10 11:30:00+0530,1285.3,1286.9,1283.3,1284.5,504751
2026-04-10 11:45:00+0530,1284.5,1286.2,1284.4,1284.8,512211
2026-04-10 12:00:00+0530,1284.8,1287.5,1284.1,1287.2,298259
2026-04-10 12:15:00+0530,1287.2,1287.3,1283.6,1284.8,831808
2026-04-10 12:30:00+0530,1284.8,1291,1284,1289.5,757795
2026-04-10 12:45:00+0530,1289.8,1294.9,1289.5,1292.3,783373
2026-04-10 13:00:00+0530,1292.3,1293.9,1290.7,1292.3,408826
2026-04-10 13:15:00+0530,1292.3,1296.8,1292.1,1295.7,467113
2026-04-10 13:30:00+0530,1295.6,1298.6,1293.4,1294.6,432376
2026-04-10 13:45:00+0530,1294.8,1296,1292.1,1293.7,329240
2026-04-10 14:00:00+0530,1293.9,1294.3,1289,1291.4,578440
2026-04-10 14:15:00+0530,1291.4,1291.8,1288.5,1288.9,415117
2026-04-10 14:30:00+0530,1288.8,1295,1287.4,1294.4,973483
2026-04-10 14:45:00+0530,1294,1295.2,1292.5,1292.8,873365
2026-04-10 15:00:00+0530,1293,1294.5,1292,1292.4,1073279
2026-04-10 15:15:00+0530,1292.4,1293.5,1290.6,1291.4,1296767
2026-04-13 09:15:00+0530,1272,1289,1270,1270,1225027
2026-04-13 09:30:00+0530,1270.2,1271.7,1265.7,1268.7,536277
2026-04-13 09:45:00+0530,1268.4,1273.5,1268.1,1272.7,362886
2026-04-13 10:00:00+0530,1272.8,1276,1271.2,1272.8,358122
2026-04-13 10:15:00+0530,1272.8,1276,1271.3,1273.1,309304
2026-04-13 10:30:00+0530,1272.9,1275.7,1270.7,1274.7,421510
2026-04-13 10:45:00+0530,1274.8,1277.5,1273.7,1275.8,259796
2026-04-13 11:00:00+0530,1276,1277,1275,1275.4,143415
2026-04-13 11:15:00+0530,1275.6,1277.4,1273,1275.9,212179
2026-04-13 11:30:00+0530,1275.9,1275.9,1272,1272.5,254950
2026-04-13 11:45:00+0530,1272.4,1275.5,1271.5,1273.2,276519
2026-04-13 12:00:00+0530,1273.2,1274.3,1272,1273.8,161392
2026-04-13 12:15:00+0530,1273.4,1274.8,1272.5,1274,152495
2026-04-13 12:30:00+0530,1274.1,1274.6,1272.8,1273.7,159312
2026-04-13 12:45:00+0530,1273.7,1277.8,1271.5,1273,524129
2026-04-13 13:00:00+0530,1273.2,1273.9,1271.7,1272.1,217102
2026-04-13 13:15:00+0530,1272,1273.1,1271.1,1272,229286
2026-04-13 13:30:00+0530,1272.5,1273.1,1271.1,1271.4,278427
2026-04-13 13:45:00+0530,1271.4,1275.5,1271.1,1275.3,259876
2026-04-13 14:00:00+0530,1275.3,1275.7,1271.2,1271.6,201810
2026-04-13 14:15:00+0530,1271.4,1273.4,1271,1272.2,267170
2026-04-13 14:30:00+0530,1272.2,1275.5,1272.2,1274.1,308846
2026-04-13 14:45:00+0530,1273.9,1278.8,1272.8,1277.4,474712
2026-04-13 15:00:00+0530,1277.5,1280.9,1273.6,1277.3,1879202
2026-04-13 15:15:00+0530,1277.2,1277.8,1275,1276,787263
2026-04-15 09:15:00+0530,1306.3,1322.5,1300.5,1316.8,2166466
2026-04-15 09:30:00+0530,1318,1318,1304.5,1308.9,700973
2026-04-15 09:45:00+0530,1308.9,1313.4,1308.8,1309.7,593103
2026-04-15 10:00:00+0530,1309.8,1313,1309,1311.4,412520
2026-04-15 10:15:00+0530,1311.4,1313.1,1308.4,1308.9,355412
2026-04-15 10:30:00+0530,1308.8,1310.2,1305.3,1306,370096
2026-04-15 10:45:00+0530,1305.9,1307,1302.5,1303.9,332117
2026-04-15 11:00:00+0530,1303.9,1305,1302.8,1304.2,203919
2026-04-15 11:15:00+0530,1304.2,1305,1303.4,1304.3,162563
2026-04-15 11:30:00+0530,1304.3,1304.7,1302,1304.6,166730
2026-04-15 11:45:00+0530,1304.7,1304.8,1303.1,1304.1,245513
2026-04-15 12:00:00+0530,1304.1,1304.1,1302.5,1303.3,159493
2026-04-15 12:15:00+0530,1303.4,1304.8,1302.2,1303.2,171479
2026-04-15 12:30:00+0530,1303.4,1306.6,1303,1305.5,186694
2026-04-15 12:45:00+0530,1305.7,1305.7,1302.3,1302.3,222240
2026-04-15 13:00:00+0530,1302.4,1304,1302,1302.5,172338
2026-04-15 13:15:00+0530,1302.6,1305.7,1301.2,1302.5,690343
2026-04-15 13:30:00+0530,1302.6,1304,1301.9,1303.7,206311
2026-04-15 13:45:00+0530,1303.7,1304,1301.2,1302.6,322178
2026-04-15 14:00:00+0530,1302.7,1305.2,1302.5,1303.9,380082
2026-04-15 14:15:00+0530,1304,1307,1302.9,1305.9,522561
2026-04-15 14:30:00+0530,1305.9,1306.7,1305.2,1306.5,256133
2026-04-15 14:45:00+0530,1306.4,1307.5,1303.8,1306.7,578175
2026-04-15 15:00:00+0530,1306.5,1307,1303.4,1305.3,1160618
2026-04-15 15:15:00+0530,1305.2,1306,1304.2,1304.7,1119753
2026-04-16 09:15:00+0530,1322.1,1331,1314.4,1327,2437040
2026-04-16 09:30:00+0530,1327,1331,1319.4,1325,1425500
2026-04-16 09:45:00+0530,1324.9,1326,1321.5,1324,564175
2026-04-16 10:00:00+0530,1324,1325.4,1319,1320.7,574954
2026-04-16 10:15:00+0530,1320.7,1325.4,1317.4,1319.2,497541
2026-04-16 10:30:00+0530,1319.2,1319.9,1316.6,1317.7,272916
2026-04-16 10:45:00+0530,1317.6,1318.7,1314.5,1316.6,293890
2026-04-16 11:00:00+0530,1316.9,1321.1,1316.4,1320.9,513988
2026-04-16 11:15:00+0530,1320.9,1324.7,1318.1,1324.4,889519
2026-04-16 11:30:00+0530,1324.2,1324.7,1318.3,1319,326108
2026-04-16 11:45:00+0530,1319,1320.4,1316.3,1317.5,287840
2026-04-16 12:00:00+0530,1317.5,1318,1311.3,1314,357287
2026-04-16 12:15:00+0530,1314,1314.8,1312.4,1313.8,261886
2026-04-16 12:30:00+0530,1314,1316.5,1310.9,1312.9,548503
2026-04-16 12:45:00+0530,1312.5,1315,1312,1314.3,256483
2026-04-16 13:00:00+0530,1314.6,1318,1309.2,1311.4,1203111
2026-04-16 13:15:00+0530,1311.4,1313.4,1309,1310.4,813388
2026-04-16 13:30:00+0530,1310.5,1312.6,1309.7,1310.6,282389
2026-04-16 13:45:00+0530,1310.8,1316,1309,1313,1225860
2026-04-16 14:00:00+0530,1312.6,1313.7,1310,1310.6,540650
2026-04-16 14:15:00+0530,1311.1,1311.9,1309.6,1310.2,503830
2026-04-16 14:30:00+0530,1310.6,1317.5,1310.2,1315.9,644216
2026-04-16 14:45:00+0530,1316.3,1318.8,1314.9,1317,635298
2026-04-16 15:00:00+0530,1316.8,1324.2,1314.7,1317.2,2304571
2026-04-16 15:15:00+0530,1317.1,1319,1315.7,1316,784241
2026-04-17 09:15:00+0530,1313,1328.3,1306.1,1321.3,1008676
2026-04-17 09:30:00+0530,1321.4,1321.4,1312.8,1314.3,458969
2026-04-17 09:45:00+0530,1315,1315.7,1313.2,1314.4,298408
2026-04-17 10:00:00+0530,1314.4,1317.2,1313,1315.4,423775
2026-04-17 10:15:00+0530,1315,1318.7,1314.1,1317.6,413877
2026-04-17 10:30:00+0530,1317.6,1321.2,1317.1,1318.9,347818
2026-04-17 10:45:00+0530,1319,1319,1315.8,1316.7,231541
2026-04-17 11:00:00+0530,1316.8,1317,1312,1312.7,335837
2026-04-17 11:15:00+0530,1312.6,1315.5,1311.5,1314.7,295079
2026-04-17 11:30:00+0530,1314.8,1318.5,1314.3,1315.3,293012
2026-04-17 11:45:00+0530,1315.3,1317,1310.5,1310.9,556565
2026-04-17 12:00:00+0530,1310.9,1317,1309.9,1315.1,877272
2026-04-17 12:15:00+0530,1315.2,1315.2,1311.1,1311.3,427582
2026-04-17 12:30:00+0530,1311.4,1312.9,1311,1311.8,299987
2026-04-17 12:45:00+0530,1311.8,1313.3,1311.1,1311.8,223851
2026-04-17 13:00:00+0530,1311.8,1312.8,1310.5,1310.8,247041
2026-04-17 13:15:00+0530,1310.9,1311.3,1308.5,1310.7,434343
2026-04-17 13:30:00+0530,1310.7,1311.9,1310.2,1311.2,447184
2026-04-17 13:45:00+0530,1311.3,1312.2,1310.5,1311.9,286622
2026-04-17 14:00:00+0530,1311.9,1312.8,1311.4,1312.6,256363
2026-04-17 14:15:00+0530,1312.7,1312.8,1308.4,1308.6,544218
2026-04-17 14:30:00+0530,1308.6,1314.9,1307.6,1314.3,872363
2026-04-17 14:45:00+0530,1313.9,1317.8,1313.9,1316.8,667995
2026-04-17 15:00:00+0530,1317,1319.2,1315.9,1318.7,904494
2026-04-17 15:15:00+0530,1318.7,1321,1318.2,1320,862159
2026-04-20 09:15:00+0530,1320,1324.9,1308.1,1310.1,773663
2026-04-20 09:30:00+0530,1310.3,1314.5,1309.5,1313,296670
2026-04-20 09:45:00+0530,1313,1313.4,1310.5,1312.1,236269
2026-04-20 10:00:00+0530,1312,1313.2,1311.2,1311.8,141835
2026-04-20 10:15:00+0530,1311.9,1312.5,1310,1312.3,152920
2026-04-20 10:30:00+0530,1312.4,1314.1,1311.8,1311.8,159960
2026-04-20 10:45:00+0530,1311.8,1313.3,1310.2,1313,244502
2026-04-20 11:00:00+0530,1313,1316.8,1312.6,1316.6,226088
2026-04-20 11:15:00+0530,1316.2,1323,1316.2,1322.3,265928
2026-04-20 11:30:00+0530,1322,1322.6,1318,1320.8,226690
2026-04-20 11:45:00+0530,1320,1322.7,1318.6,1319.2,222579
2026-04-20 12:00:00+0530,1319,1320.5,1316.8,1317.9,287153
2026-04-20 12:15:00+0530,1317.4,1318.9,1316,1318.6,139711
2026-04-20 12:30:00+0530,1318.3,1319.3,1315.8,1318.4,177554
2026-04-20 12:45:00+0530,1318.4,1320.5,1318,1319.1,253094
2026-04-20 13:00:00+0530,1319,1319.5,1315.1,1315.6,202548
2026-04-20 13:15:00+0530,1315.6,1316.9,1314.5,1316.4,210672
2026-04-20 13:30:00+0530,1316.5,1317,1313.8,1314.9,237188
2026-04-20 13:45:00+0530,1314.6,1315.3,1312.2,1314.6,309916
2026-04-20 14:00:00+0530,1314.6,1315.4,1313.3,1314.8,157344
2026-04-20 14:15:00+0530,1315.2,1317.5,1313.5,1316.6,276375
2026-04-20 14:30:00+0530,1316.5,1317.4,1312.2,1313.7,603835
2026-04-20 14:45:00+0530,1313.3,1315,1312,1314.2,302069
2026-04-20 15:00:00+0530,1314.3,1315.9,1313.3,1313.3,437699
2026-04-20 15:15:00+0530,1313.3,1313.7,1309.2,1310,580928
2026-04-21 09:15:00+0530,1310,1310,1299.3,1304,831051
2026-04-21 09:30:00+0530,1304.2,1306.4,1303.5,1306.2,256612
2026-04-21 09:45:00+0530,1306.2,1311.4,1306.1,1309.1,296131
2026-04-21 10:00:00+0530,1309.1,1314,1308.8,1313.6,233917
2026-04-21 10:15:00+0530,1313.7,1314.9,1312,1313.9,198169
2026-04-21 10:30:00+0530,1313.9,1315.9,1313.7,1315.7,203751
2026-04-21 10:45:00+0530,1315.2,1319.9,1315.2,1318.9,247504
2026-04-21 11:00:00+0530,1318.9,1319.8,1316.7,1318.4,261412
2026-04-21 11:15:00+0530,1318.4,1318.4,1316.1,1317.6,157990
2026-04-21 11:30:00+0530,1317.4,1318.9,1315.9,1318,222533
2026-04-21 11:45:00+0530,1317.9,1324.1,1317.8,1322.2,416616
2026-04-21 12:00:00+0530,1322.2,1324,1321,1323.4,193462
2026-04-21 12:15:00+0530,1323.3,1323.5,1321,1322.1,168701
2026-04-21 12:30:00+0530,1322.3,1325,1318.5,1318.6,489710
2026-04-21 12:45:00+0530,1318.5,1318.7,1312.7,1313.5,422554
2026-04-21 13:00:00+0530,1313.7,1314.6,1312.5,1312.8,324857
2026-04-21 13:15:00+0530,1312.8,1315.6,1312.1,1315.5,401101
2026-04-21 13:30:00+0530,1315.5,1317.4,1312.3,1313.3,338954
2026-04-21 13:45:00+0530,1313.3,1314.6,1312.5,1312.8,303212
2026-04-21 14:00:00+0530,1312.8,1313.1,1309.5,1310.5,429740
2026-04-21 14:15:00+0530,1311,1313.3,1310.5,1311.6,483238
2026-04-21 14:30:00+0530,1311.7,1311.7,1308,1309.2,309770
2026-04-21 14:45:00+0530,1309.4,1314.3,1309.2,1313.5,284603
2026-04-21 15:00:00+0530,1313.4,1316.3,1310.4,1312.1,1844657
2026-04-21 15:15:00+0530,1312.3,1316,1311.8,1314.6,720897
2026-04-22 09:15:00+0530,1295,1297.7,1272.2,1278.6,3007683
2026-04-22 09:30:00+0530,1278.5,1285.6,1277.4,1279.8,1208431
2026-04-22 09:45:00+0530,1279.8,1285.3,1276.9,1277.7,1065996
2026-04-22 10:00:00+0530,1277.5,1277.6,1270.2,1271.6,916849
2026-04-22 10:15:00+0530,1271.9,1271.9,1262.3,1263.1,2189491
2026-04-22 10:30:00+0530,1263.3,1264.5,1262,1262.8,896097
2026-04-22 10:45:00+0530,1263,1265.9,1262,1265.5,627567
2026-04-22 11:00:00+0530,1265.5,1267,1263.2,1264.3,403304
2026-04-22 11:15:00+0530,1264,1265.5,1263.2,1264.8,651175
2026-04-22 11:30:00+0530,1265,1265.5,1258,1258.3,737512
2026-04-22 11:45:00+0530,1258.2,1261.5,1257.5,1259.2,396228
2026-04-22 12:00:00+0530,1259.5,1260.5,1256.7,1257.9,502977
2026-04-22 12:15:00+0530,1257.9,1258.6,1255.9,1256.8,492147
2026-04-22 12:30:00+0530,1256.8,1259.4,1256.5,1258.4,579078
2026-04-22 12:45:00+0530,1258.7,1259.9,1257,1259.3,329568
2026-04-22 13:00:00+0530,1259.7,1262,1258.2,1261.8,301568
2026-04-22 13:15:00+0530,1261.5,1261.9,1259.2,1260.8,272853
2026-04-22 13:30:00+0530,1261,1261.5,1258.9,1259.7,269905
2026-04-22 13:45:00+0530,1259.9,1269.2,1258.6,1268.3,955585
2026-04-22 14:00:00+0530,1268.1,1271.2,1265.4,1267.7,847242
2026-04-22 14:15:00+0530,1267.5,1269.7,1267,1268.3,305104
2026-04-22 14:30:00+0530,1268.2,1272.9,1267.9,1271.3,519955
2026-04-22 14:45:00+0530,1271.4,1273.3,1270.1,1273,493022
2026-04-22 15:00:00+0530,1272.8,1272.9,1267.5,1268.4,799481
2026-04-22 15:15:00+0530,1268.4,1269,1266.5,1268.8,1200886
2026-04-23 09:15:00+0530,1254,1265.7,1251.1,1252.4,1245210
2026-04-23 09:30:00+0530,1252.1,1254.4,1249.6,1253.8,693753
2026-04-23 09:45:00+0530,1253.4,1260.4,1251.7,1258.4,942781
2026-04-23 10:00:00+0530,1258.2,1260.4,1255.3,1257.5,481104
2026-04-23 10:15:00+0530,1257.4,1258.8,1255.3,1255.7,302058
2026-04-23 10:30:00+0530,1255.4,1256.6,1254,1255.4,368841
2026-04-23 10:45:00+0530,1255.4,1256.5,1253.1,1256,342899
2026-04-23 11:00:00+0530,1256,1259.9,1255.6,1256.5,484301
2026-04-23 11:15:00+0530,1256.4,1259.8,1256.4,1258.9,333822
2026-04-23 11:30:00+0530,1258.8,1260.7,1256,1258,627402
2026-04-23 11:45:00+0530,1258.1,1258.7,1254.5,1255,365415
2026-04-23 12:00:00+0530,1254.9,1257.8,1253.5,1256.6,417294
2026-04-23 12:15:00+0530,1256.4,1257,1251,1251.7,416510
2026-04-23 12:30:00+0530,1252,1252.6,1250,1251.3,460373
2026-04-23 12:45:00+0530,1251.2,1251.9,1250.3,1250.8,273128
2026-04-23 13:00:00+0530,1250.7,1251.6,1250.1,1251,252459
2026-04-23 13:15:00+0530,1251,1255.3,1250.2,1255.1,474834
2026-04-23 13:30:00+0530,1254.8,1255.1,1247.8,1248,716716
2026-04-23 13:45:00+0530,1248,1248.7,1245.9,1247.3,677282
2026-04-23 14:00:00+0530,1247.4,1248,1243.7,1244.3,435793
2026-04-23 14:15:00+0530,1244.7,1245.8,1243.4,1245,388853
2026-04-23 14:30:00+0530,1245.1,1245.8,1242,1242.3,474342
2026-04-23 14:45:00+0530,1242.5,1245.5,1242.3,1243.9,501460
2026-04-23 15:00:00+0530,1244.1,1246,1241.3,1241.9,1229590
2026-04-23 15:15:00+0530,1241.8,1242.3,1226,1230.6,1803160
2026-04-24 09:15:00+0530,1200,1223.9,1199,1211.6,5073329
2026-04-24 09:30:00+0530,1211.6,1211.9,1200,1201.1,2454984
2026-04-24 09:45:00+0530,1201.2,1201.2,1193.6,1194.9,2021514
2026-04-24 10:00:00+0530,1194.9,1196.2,1187,1188.2,1945938
2026-04-24 10:15:00+0530,1188.1,1190.5,1185.1,1189.2,1637201
2026-04-24 10:30:00+0530,1188.7,1190.7,1181.1,1181.9,1202134
2026-04-24 10:45:00+0530,1181.5,1182.3,1177.2,1178,1422467
2026-04-24 11:00:00+0530,1178,1180,1176.4,1177.3,916913
2026-04-24 11:15:00+0530,1177.5,1180.7,1175,1177.4,1299677
2026-04-24 11:30:00+0530,1177.5,1177.5,1170,1170.5,1236558
2026-04-24 11:45:00+0530,1170.2,1172.5,1167.7,1170.5,1099860
2026-04-24 12:00:00+0530,1170.2,1173.5,1168,1172,863633
2026-04-24 12:15:00+0530,1172.2,1174.5,1168,1168.1,841448
2026-04-24 12:30:00+0530,1168.2,1170.3,1165,1165,876815
2026-04-24 12:45:00+0530,1165.1,1167.3,1164.4,1165,842665
2026-04-24 13:00:00+0530,1165,1166.4,1163.6,1165.5,754288
2026-04-24 13:15:00+0530,1165.5,1168,1164.4,1167.4,990160
2026-04-24 13:30:00+0530,1167.5,1167.5,1159.3,1159.8,1647809
2026-04-24 13:45:00+0530,1159.6,1162,1152.5,1153.2,1390934
2026-04-24 14:00:00+0530,1153.2,1156.6,1152.2,1154.9,1602978
2026-04-24 14:15:00+0530,1154.8,1158,1154.1,1154.9,1046264
2026-04-24 14:30:00+0530,1154.4,1156.4,1153.1,1156.1,1774773
2026-04-24 14:45:00+0530,1156.1,1158.2,1154.4,1155.3,2117001
2026-04-24 15:00:00+0530,1155.1,1156.4,1153,1153.4,2937331
2026-04-24 15:15:00+0530,1153.5,1156.2,1152.8,1154.8,3358070
2026-04-27 09:15:00+0530,1154.6,1176,1154.5,1173.6,2699592
2026-04-27 09:30:00+0530,1173.6,1176,1170.6,1175.4,921438
2026-04-27 09:45:00+0530,1175.3,1178.5,1172.6,1174.5,1139763
2026-04-27 10:00:00+0530,1174.7,1177,1173.1,1176.4,447048
2026-04-27 10:15:00+0530,1176.4,1178.1,1175.8,1177.2,360522
2026-04-27 10:30:00+0530,1177.4,1178.5,1175.4,1177.6,353568
2026-04-27 10:45:00+0530,1177.7,1179.9,1177.2,1178,419741
2026-04-27 11:00:00+0530,1178.3,1178.3,1171.1,1175.5,590325
2026-04-27 11:15:00+0530,1175.1,1176.8,1171.3,1173.9,569799
2026-04-27 11:30:00+0530,1173.6,1174.5,1172,1173.2,554344
2026-04-27 11:45:00+0530,1173.3,1173.4,1169,1172.3,333537
2026-04-27 12:00:00+0530,1172.3,1175.8,1172,1175.2,506411
2026-04-27 12:15:00+0530,1175.2,1175.9,1173.7,1175.3,291405
2026-04-27 12:30:00+0530,1175.3,1176.2,1174.3,1175.1,365065
2026-04-27 12:45:00+0530,1175,1176.5,1173.4,1176.1,363386
2026-04-27 13:00:00+0530,1176.2,1177.8,1172.2,1173,418561
2026-04-27 13:15:00+0530,1172.9,1173.6,1171,1171.8,614230
2026-04-27 13:30:00+0530,1171.7,1172.5,1170.2,1170.8,707845
2026-04-27 13:45:00+0530,1170.8,1170.9,1170,1170.2,645693
2026-04-27 14:00:00+0530,1170.2,1174.1,1169.3,1172.8,775956
2026-04-27 14:15:00+0530,1172.6,1174.1,1172,1172.3,903659
2026-04-27 14:30:00+0530,1172.2,1176.7,1172.2,1174.9,883892
2026-04-27 14:45:00+0530,1174.9,1174.9,1172.4,1173.5,703683
2026-04-27 15:00:00+0530,1173.5,1173.5,1169,1170.2,1512469
2026-04-27 15:15:00+0530,1170.2,1173,1167.5,1172.9,2049644
2026-04-28 09:15:00+0530,1162.7,1169.4,1156.4,1167.1,1051446
2026-04-28 09:30:00+0530,1167,1167.2,1158.4,1159.5,553078
2026-04-28 09:45:00+0530,1159.5,1160,1155,1159.8,558469
2026-04-28 10:00:00+0530,1159.5,1164.7,1159,1161.9,489003
2026-04-28 10:15:00+0530,1161.8,1162.6,1160,1161,228424
2026-04-28 10:30:00+0530,1160.8,1161,1157,1157.5,294390
2026-04-28 10:45:00+0530,1157.7,1159.1,1156.2,1158.9,254109
2026-04-28 11:00:00+0530,1158.8,1158.9,1155.5,1156.1,285009
2026-04-28 11:15:00+0530,1156.1,1156.6,1153.2,1153.8,338550
2026-04-28 11:30:00+0530,1153.8,1157.9,1153,1157.6,421227
2026-04-28 11:45:00+0530,1157.9,1159.7,1157.6,1159.2,243505
2026-04-28 12:00:00+0530,1159.2,1159.2,1154.1,1156.7,337955
2026-04-28 12:15:00+0530,1157.1,1158.5,1155,1155.9,316056
2026-04-28 12:30:00+0530,1155.8,1156.4,1153.5,1154,249349
2026-04-28 12:45:00+0530,1154,1154.1,1151.1,1151.6,320948
2026-04-28 13:00:00+0530,1151.9,1154.1,1150.1,1153.4,365063
2026-04-28 13:15:00+0530,1153.4,1154.6,1152.2,1152.5,233398
2026-04-28 13:30:00+0530,1152.5,1154,1150,1152,539881
2026-04-28 13:45:00+0530,1152.2,1154.4,1151.2,1153.6,352201
2026-04-28 14:00:00+0530,1153.5,1154,1151.6,1152,240531
2026-04-28 14:15:00+0530,1151.4,1152.1,1150.5,1150.8,452010
2026-04-28 14:30:00+0530,1151,1152.2,1150.1,1151.6,426735
2026-04-28 14:45:00+0530,1151.6,1153.2,1150.6,1151.5,501662
2026-04-28 15:00:00+0530,1152,1156.8,1150.1,1150.8,2439109
2026-04-28 15:15:00+0530,1150.8,1151.6,1149.8,1151.5,1113454
2026-04-29 09:15:00+0530,1158.5,1165,1156.8,1161.9,828859
2026-04-29 09:30:00+0530,1161.9,1169.9,1159.8,1168.2,594034
2026-04-29 09:45:00+0530,1168.5,1176.9,1168.2,1172.3,604179
2026-04-29 10:00:00+0530,1172.5,1176.6,1172.3,1175.7,293866
2026-04-29 10:15:00+0530,1175.9,1176,1174,1175.1,217310
2026-04-29 10:30:00+0530,1175.1,1176.9,1173,1174.4,295364
2026-04-29 10:45:00+0530,1174.2,1174.5,1169.4,1174.4,270892
2026-04-29 11:00:00+0530,1174.3,1177.9,1173,1176.8,352099
2026-04-29 11:15:00+0530,1176.9,1177,1171.4,1172.5,360061
2026-04-29 11:30:00+0530,1172.8,1174.2,1172.2,1173.2,179718
2026-04-29 11:45:00+0530,1173.1,1175.7,1173.1,1175.2,207100
2026-04-29 12:00:00+0530,1175.1,1178.2,1174.5,1177.2,239250
2026-04-29 12:15:00+0530,1177.2,1177.4,1175.6,1176.2,182367
2026-04-29 12:30:00+0530,1176.3,1177.4,1175.5,1176.1,150756
2026-04-29 12:45:00+0530,1176.3,1177.9,1175.9,1176.6,203439
2026-04-29 13:00:00+0530,1176.7,1177.2,1175.6,1176.6,154757
2026-04-29 13:15:00+0530,1177.1,1178,1176.6,1177,214464
2026-04-29 13:30:00+0530,1177.1,1177.3,1171.8,1172.3,288061
2026-04-29 13:45:00+0530,1172.1,1173.5,1171.7,1172.6,220043
2026-04-29 14:00:00+0530,1172.5,1172.7,1169.2,1170.5,283934
2026-04-29 14:15:00+0530,1170.2,1171.2,1168,1168.2,221001
2026-04-29 14:30:00+0530,1168.2,1170.8,1167.2,1170,296316
2026-04-29 14:45:00+0530,1170,1170.3,1167.2,1168.6,322299
2026-04-29 15:00:00+0530,1168.5,1169.5,1167.3,1167.5,615727
2026-04-29 15:15:00+0530,1167.4,1168,1165.9,1167.1,667983
2026-04-30 09:15:00+0530,1167.5,1170.4,1159.6,1161.7,755510
2026-04-30 09:30:00+0530,1161.8,1173.5,1161.8,1170.4,585324
2026-04-30 09:45:00+0530,1170.6,1175,1169,1173.7,322265
2026-04-30 10:00:00+0530,1173.5,1174,1170.5,1172.3,251728
2026-04-30 10:15:00+0530,1172.3,1173,1170.1,1171.2,214317
2026-04-30 10:30:00+0530,1171.4,1172.1,1168.4,1169,251420
2026-04-30 10:45:00+0530,1168.9,1169.5,1167.6,1168.3,198775
2026-04-30 11:00:00+0530,1168.4,1170.7,1168.2,1168.6,154850
2026-04-30 11:15:00+0530,1168.6,1169.5,1165.5,1166,225061
2026-04-30 11:30:00+0530,1165.7,1169.2,1165,1167.4,260409
2026-04-30 11:45:00+0530,1167.4,1175.4,1167.4,1174.9,613573
2026-04-30 12:00:00+0530,1175.2,1176.5,1172.7,1175.9,592432
2026-04-30 12:15:00+0530,1175.8,1178.5,1174.7,1178.2,525499
2026-04-30 12:30:00+0530,1178.2,1184.9,1177.9,1183.2,773475
2026-04-30 12:45:00+0530,1183.5,1184.8,1181.2,1182.9,525608
2026-04-30 13:00:00+0530,1183,1184.9,1180.2,1184.5,382924
2026-04-30 13:15:00+0530,1184.6,1185.8,1183.2,1183.9,422169
2026-04-30 13:30:00+0530,1183.9,1187.9,1181.8,1187.3,627997
2026-04-30 13:45:00+0530,1187.3,1189.4,1186,1187.5,518146
2026-04-30 14:00:00+0530,1187.3,1189.8,1184.5,1184.5,543893
2026-04-30 14:15:00+0530,1184.5,1185,1180.2,1181.6,523549
2026-04-30 14:30:00+0530,1182,1186.8,1181.6,1185.9,517239
2026-04-30 14:45:00+0530,1185.9,1186.9,1182.5,1183.6,389339
2026-04-30 15:00:00+0530,1183.6,1183.6,1180.1,1180.9,982576
2026-04-30 15:15:00+0530,1180.9,1184.8,1180,1183.4,1024757
2026-05-04 09:15:00+0530,1195,1195,1183.3,1187.2,861069
2026-05-04 09:30:00+0530,1187.4,1191.4,1184.2,1189,380616
2026-05-04 09:45:00+0530,1189.1,1189.3,1183.4,1184.7,230218
2026-05-04 10:00:00+0530,1184.7,1186.8,1177.6,1178.4,325133
2026-05-04 10:15:00+0530,1178.5,1180.9,1175.3,1178.6,247728
2026-05-04 10:30:00+0530,1178.8,1180,1177.4,1179,144535
2026-05-04 10:45:00+0530,1179,1180.4,1177.5,1179.1,158091
2026-05-04 11:00:00+0530,1179,1180.2,1176.3,1178.8,254299
2026-05-04 11:15:00+0530,1178.7,1179.6,1176.9,1177.1,331646
2026-05-04 11:30:00+0530,1177.4,1177.5,1175,1175.3,265988
2026-05-04 11:45:00+0530,1175.3,1178,1175.2,1176.4,145340
2026-05-04 12:00:00+0530,1176.3,1177.1,1173.4,1173.6,169341
2026-05-04 12:15:00+0530,1173.7,1175.1,1172.1,1174.2,216870
2026-05-04 12:30:00+0530,1174.1,1175,1170,1170,191943
2026-05-04 12:45:00+0530,1170,1171.1,1169.2,1169.4,184665
2026-05-04 13:00:00+0530,1169.6,1170.6,1169,1169.9,256902
2026-05-04 13:15:00+0530,1169.9,1170.4,1166,1166.4,291995
2026-05-04 13:30:00+0530,1166.2,1168.3,1165.2,1167.9,221024
2026-05-04 13:45:00+0530,1167.9,1169,1166.5,1167.6,204653
2026-05-04 14:00:00+0530,1167.6,1170.7,1166.5,1169.4,239124
2026-05-04 14:15:00+0530,1169.4,1171.9,1169,1169.8,276911
2026-05-04 14:30:00+0530,1170,1171.3,1169.1,1169.5,368940
2026-05-04 14:45:00+0530,1169.8,1170.6,1168.2,1168.6,396507
2026-05-04 15:00:00+0530,1169.4,1170.2,1167.8,1168,615580
2026-05-04 15:15:00+0530,1168.3,1169.5,1166.5,1168.2,734596
2026-05-05 09:15:00+0530,1169.5,1185.2,1160.1,1171.8,1170415
2026-05-05 09:30:00+0530,1171.8,1173.5,1170.1,1170.4,241833
2026-05-05 09:45:00+0530,1170.3,1177,1170.1,1174.4,234837
2026-05-05 10:00:00+0530,1174.4,1175.3,1172,1172.6,144135
2026-05-05 10:15:00+0530,1172.6,1173.9,1170.8,1173.3,112743
2026-05-05 10:30:00+0530,1173.6,1175.7,1173,1174.3,108205
2026-05-05 10:45:00+0530,1174.3,1174.6,1172.6,1174.6,74041
2026-05-05 11:00:00+0530,1174.4,1179,1173.7,1177.7,322848
2026-05-05 11:15:00+0530,1177.7,1178.1,1175.5,1177,420548
2026-05-05 11:30:00+0530,1177,1178.6,1174,1174,176486
2026-05-05 11:45:00+0530,1174.2,1175,1171.6,1172.8,187095
2026-05-05 12:00:00+0530,1173,1173.5,1171.5,1172.1,138750
2026-05-05 12:15:00+0530,1172.1,1172.8,1170.2,1170.6,121504
2026-05-05 12:30:00+0530,1170.5,1172.8,1170.5,1171.5,227236
2026-05-05 12:45:00+0530,1171.4,1172.6,1170.3,1171.5,140779
2026-05-05 13:00:00+0530,1172,1173.9,1170.7,1173.1,217636
2026-05-05 13:15:00+0530,1172.6,1174.4,1170.4,1172,321578
2026-05-05 13:30:00+0530,1171.9,1174.1,1170.2,1173.3,354927
2026-05-05 13:45:00+0530,1172.8,1173.9,1171.2,1171.3,292873
2026-05-05 14:00:00+0530,1171.6,1173.4,1170.9,1172.5,195013
2026-05-05 14:15:00+0530,1172,1175.9,1171.7,1175.9,321180
2026-05-05 14:30:00+0530,1175.9,1176.7,1173.9,1176.1,363902
2026-05-05 14:45:00+0530,1176.2,1176.4,1173.4,1173.6,251153
2026-05-05 15:00:00+0530,1173.9,1179.1,1173.1,1178.3,1110126
2026-05-05 15:15:00+0530,1178.5,1180,1177.5,1177.6,874112
2026-05-07 09:15:00+0530,1173,1175.4,1165.1,1165.1,825781
2026-05-07 09:30:00+0530,1165.4,1169.4,1162.7,1169,472704
2026-05-07 09:45:00+0530,1169,1169.3,1165.5,1167.6,275776
2026-05-07 10:00:00+0530,1168,1169.7,1167.3,1168.7,246507
2026-05-07 10:15:00+0530,1168.5,1169.5,1167.5,1168.9,196361
2026-05-07 10:30:00+0530,1168.9,1170,1166.1,1166.6,191154
2026-05-07 10:45:00+0530,1166.7,1167.2,1165.5,1166.8,160564
2026-05-07 11:00:00+0530,1166.8,1167,1164.7,1166.2,222703
2026-05-07 11:15:00+0530,1166,1166.7,1164.2,1165.8,159786
2026-05-07 11:30:00+0530,1165.7,1168,1163.2,1163.7,331277
2026-05-07 11:45:00+0530,1164.1,1166.6,1164,1166.1,414659
2026-05-07 12:00:00+0530,1166.1,1168,1165.8,1167.2,291290
2026-05-07 12:15:00+0530,1167.6,1169.2,1166.9,1168,436641
2026-05-07 12:30:00+0530,1168,1172.3,1166.6,1171.8,650396
2026-05-07 12:45:00+0530,1171.7,1172.5,1167.7,1170.1,486498
2026-05-07 13:00:00+0530,1169.6,1173.2,1169.1,1172.3,310493
2026-05-07 13:15:00+0530,1172.4,1172.6,1169.5,1170,323445
2026-05-07 13:30:00+0530,1170,1170.8,1168.7,1169.4,237976
2026-05-07 13:45:00+0530,1169.5,1170.9,1169.2,1169.2,271673
2026-05-07 14:00:00+0530,1169.6,1169.8,1166.7,1168.1,336034
2026-05-07 14:15:00+0530,1168.2,1169.7,1166.7,1168.4,314791
2026-05-07 14:30:00+0530,1168.5,1169.3,1165,1165.4,562342
2026-05-07 14:45:00+0530,1165.4,1166.2,1164.1,1164.5,347705
2026-05-07 15:00:00+0530,1164.6,1164.6,1159.2,1163,2160713
2026-05-07 15:15:00+0530,1163,1166.2,1162.9,1165.9,1698586
2026-05-08 09:15:00+0530,1161,1172.1,1158.8,1169.4,754608
2026-05-08 09:30:00+0530,1169.7,1171,1166,1168.6,326955
2026-05-08 09:45:00+0530,1168.4,1170.8,1166.6,1170.5,221259
2026-05-08 10:00:00+0530,1170.6,1171.4,1169,1170,226903
2026-05-08 10:15:00+0530,1170,1172.9,1168.7,1172.4,376326
2026-05-08 10:30:00+0530,1172.5,1175,1172.2,1174.5,362019
2026-05-08 10:45:00+0530,1174.7,1174.7,1172.5,1173,100453
2026-05-08 11:00:00+0530,1173,1173.4,1170.6,1171,178577
2026-05-08 11:15:00+0530,1170.9,1171,1168.8,1170,156242
2026-05-08 11:30:00+0530,1169.4,1172,1169.3,1169.5,196697
2026-05-08 11:45:00+0530,1169.3,1171.3,1168.7,1170.2,221455
2026-05-08 12:00:00+0530,1170.2,1171,1169.2,1170.1,100868
2026-05-08 12:15:00+0530,1169.9,1170.8,1167.8,1170.1,182282
2026-05-08 12:30:00+0530,1170.1,1173.5,1170,1171.7,323675
2026-05-08 12:45:00+0530,1171.4,1173.5,1171.3,1173,151537
2026-05-08 13:00:00+0530,1172.8,1176.8,1172.4,1175.5,325132
2026-05-08 13:15:00+0530,1176,1177.4,1174.5,1176.8,231651
2026-05-08 13:30:00+0530,1176.8,1178.4,1174.9,1175,225333
2026-05-08 13:45:00+0530,1175.4,1176.4,1173.8,1174.4,156343
2026-05-08 14:00:00+0530,1174.3,1178.5,1173.6,1177.9,259963
2026-05-08 14:15:00+0530,1178.3,1179.4,1177.5,1179.3,405421
2026-05-08 14:30:00+0530,1179.4,1183.5,1179,1182.3,566118
2026-05-08 14:45:00+0530,1182.2,1183.2,1180.7,1181.3,349059
2026-05-08 15:00:00+0530,1180.9,1181.1,1178.2,1178.5,562906
2026-05-08 15:15:00+0530,1178.5,1180.2,1178.3,1179.5,485465
2026-05-11 09:15:00+0530,1176,1179,1172.1,1177,601204
2026-05-11 09:30:00+0530,1176.9,1178.1,1175.2,1175.2,200040
2026-05-11 09:45:00+0530,1175.3,1180.7,1175.3,1178.1,226765
2026-05-11 10:00:00+0530,1178.2,1179.6,1176.4,1177.4,121004
2026-05-11 10:15:00+0530,1177,1178.6,1174.2,1177,162163
2026-05-11 10:30:00+0530,1177.4,1181.7,1177,1181.2,209462
2026-05-11 10:45:00+0530,1181.1,1183.7,1179.6,1182.8,272008
2026-05-11 11:00:00+0530,1183,1184.9,1182.4,1183.2,223938
2026-05-11 11:15:00+0530,1183.7,1184.4,1180.8,1183.9,275071
2026-05-11 11:30:00+0530,1183.8,1185.9,1181,1185.8,378095
2026-05-11 11:45:00+0530,1185.7,1187,1184.5,1186.3,332725
2026-05-11 12:00:00+0530,1186.3,1187,1183.8,1184.4,273992
2026-05-11 12:15:00+0530,1184.5,1185,1183,1183.6,238361
2026-05-11 12:30:00+0530,1183.5,1184.7,1182.4,1184.2,226655
2026-05-11 12:45:00+0530,1184.3,1184.3,1182.9,1182.9,175330
2026-05-11 13:00:00+0530,1183,1183.5,1181.1,1182.9,380370
2026-05-11 13:15:00+0530,1183,1184,1181.9,1183.5,221595
2026-05-11 13:30:00+0530,1183.6,1183.7,1181,1181,295239
2026-05-11 13:45:00+0530,1181.6,1182.8,1181.1,1181.7,198592
2026-05-11 14:00:00+0530,1181.8,1183.4,1181,1181.5,242421
2026-05-11 14:15:00+0530,1181.6,1181.9,1178.5,1178.8,219667
2026-05-11 14:30:00+0530,1178.8,1181.2,1176.3,1178.3,214430
2026-05-11 14:45:00+0530,1178.7,1179.7,1177.1,1178.6,228812
2026-05-11 15:00:00+0530,1178.8,1179,1175,1177.1,767021
2026-05-11 15:15:00+0530,1177.3,1178.7,1175.1,1176,615194
2026-05-12 09:15:00+0530,1162,1162,1136.4,1138.9,1866230
2026-05-12 09:30:00+0530,1138.5,1141.6,1133.1,1138.3,1004900
2026-05-12 09:45:00+0530,1138.4,1138.4,1132.1,1132.8,661655
2026-05-12 10:00:00+0530,1132.8,1135,1131.5,1134.5,446128
2026-05-12 10:15:00+0530,1134.7,1135.5,1131,1131.6,381940
2026-05-12 10:30:00+0530,1131.6,1131.7,1130.3,1131.5,286756
2026-05-12 10:45:00+0530,1131.4,1133.8,1131,1133.3,286274
2026-05-12 11:00:00+0530,1133.2,1133.5,1131.3,1131.6,258698
2026-05-12 11:15:00+0530,1131.8,1132.6,1130.5,1131,385905
2026-05-12 11:30:00+0530,1131,1134.2,1130.4,1131.9,358800
2026-05-12 11:45:00+0530,1131.9,1133,1130.7,1132.1,211942
2026-05-12 12:00:00+0530,1132.2,1132.4,1126.4,1126.6,526626
2026-05-12 12:15:00+0530,1126.9,1126.9,1123,1126.1,697523
2026-05-12 12:30:00+0530,1126.1,1132.4,1125.1,1132.1,372451
2026-05-12 12:45:00+0530,1132.3,1133,1130,1132,274534
2026-05-12 13:00:00+0530,1132.1,1139.3,1131.8,1139.3,695129
2026-05-12 13:15:00+0530,1139.3,1140.5,1137.3,1138,646155
2026-05-12 13:30:00+0530,1138.1,1140.2,1136.6,1138,382532
2026-05-12 13:45:00+0530,1138.2,1139.6,1138,1138.1,398020
2026-05-12 14:00:00+0530,1138.3,1139.9,1134.9,1139.2,824420
2026-05-12 14:15:00+0530,1139.2,1141.9,1138.3,1141.1,509702
2026-05-12 14:30:00+0530,1140.9,1141.2,1139.1,1139.6,498223
2026-05-12 14:45:00+0530,1140,1140.6,1138.3,1140.5,1290284
2026-05-12 15:00:00+0530,1140.6,1142.8,1138.3,1139.7,2414242
2026-05-12 15:15:00+0530,1139.7,1141.4,1138.5,1139.7,1143358
2026-05-13 09:15:00+0530,1136.6,1142.6,1131.2,1133.1,675712
2026-05-13 09:30:00+0530,1133.1,1135.4,1131.1,1132.4,285579
2026-05-13 09:45:00+0530,1131.6,1134.7,1129,1134.6,243218
2026-05-13 10:00:00+0530,1134.6,1137,1132.8,1135.6,143341
2026-05-13 10:15:00+0530,1135.6,1136,1133.3,1135.2,114815
2026-05-13 10:30:00+0530,1135.3,1135.4,1130.2,1131.6,168589
2026-05-13 10:45:00+0530,1131.8,1133.9,1130.3,1130.5,115182
2026-05-13 11:00:00+0530,1130.5,1131.5,1129.7,1131,146490
2026-05-13 11:15:00+0530,1131,1134.9,1130.6,1134.6,126832
2026-05-13 11:30:00+0530,1134.1,1138.5,1133.7,1137.1,223227
2026-05-13 11:45:00+0530,1137.2,1137.3,1130.6,1131.2,153348
2026-05-13 12:00:00+0530,1131.2,1134.9,1130.4,1134.5,160892
2026-05-13 12:15:00+0530,1134.5,1134.5,1131,1131.9,157916
2026-05-13 12:30:00+0530,1131.8,1132.7,1130.1,1130.6,137082
2026-05-13 12:45:00+0530,1130.6,1134.3,1130.4,1134.1,148841
2026-05-13 13:00:00+0530,1133.8,1134.5,1129.3,1130.6,226316
2026-05-13 13:15:00+0530,1130.4,1130.9,1127.7,1128.5,108769
2026-05-13 13:30:00+0530,1128.2,1130.2,1128.2,1129.4,98295
2026-05-13 13:45:00+0530,1129.2,1130.4,1127,1128,225806
2026-05-13 14:00:00+0530,1127.9,1128.4,1127,1127.5,174478
2026-05-13 14:15:00+0530,1127.6,1127.8,1123.9,1125.4,312905
2026-05-13 14:30:00+0530,1125.8,1126.4,1121.1,1122.9,439093
2026-05-13 14:45:00+0530,1122.8,1125.9,1122,1124.2,362972
2026-05-13 15:00:00+0530,1124.5,1124.5,1121,1123.8,860192
2026-05-13 15:15:00+0530,1123.9,1124.7,1122.4,1123.4,767687
2026-05-14 09:15:00+0530,1119.8,1121.9,1109.6,1113.3,1284263
2026-05-14 09:30:00+0530,1113.3,1113.5,1104.1,1107.7,850715
2026-05-14 09:45:00+0530,1107.4,1108.5,1101.8,1103.1,350585
2026-05-14 10:00:00+0530,1103.1,1108.3,1102.8,1105.7,283685
2026-05-14 10:15:00+0530,1105.8,1106.5,1102.3,1104.9,303335
2026-05-14 10:30:00+0530,1104.9,1107.6,1104.6,1105.2,238258
2026-05-14 10:45:00+0530,1105.5,1105.5,1097.2,1097.2,510463
2026-05-14 11:00:00+0530,1097.2,1098.4,1093,1093.4,518080
2026-05-14 11:15:00+0530,1093.4,1096.4,1092.4,1094.2,601609
2026-05-14 11:30:00+0530,1094.2,1096.8,1093.3,1096.2,421548
2026-05-14 11:45:00+0530,1096.2,1099.5,1095.6,1096.1,543842
2026-05-14 12:00:00+0530,1096,1096.5,1091.4,1092.8,490717
2026-05-14 12:15:00+0530,1093,1094.4,1091.7,1091.8,528716
2026-05-14 12:30:00+0530,1091.8,1093.4,1090.3,1091.5,476803
2026-05-14 12:45:00+0530,1091.6,1092.9,1089,1090,562083
2026-05-14 13:00:00+0530,1090.1,1095.5,1090,1094.6,565869
2026-05-14 13:15:00+0530,1094.6,1098.4,1094.1,1094.5,761544
2026-05-14 13:30:00+0530,1094.5,1097.1,1094,1095.3,475524
2026-05-14 13:45:00+0530,1095.3,1099.9,1094.4,1097.5,1594355
2026-05-14 14:00:00+0530,1097.7,1098.5,1096.1,1097.1,733574
2026-05-14 14:15:00+0530,1097.1,1098.2,1096.5,1096.9,460483
2026-05-14 14:30:00+0530,1097.2,1098.1,1095.1,1095.4,621243
2026-05-14 14:45:00+0530,1095.5,1096.4,1094.1,1094.8,540083
2026-05-14 15:00:00+0530,1094.9,1097.7,1094.6,1096.9,1574752
2026-05-14 15:15:00+0530,1096.7,1097,1092.3,1094.1,1559983
2026-05-15 09:15:00+0530,1102,1130.9,1101.6,1130,1935118
2026-05-15 09:30:00+0530,1129.6,1130,1123.1,1126,541694
2026-05-15 09:45:00+0530,1125.8,1133.2,1124,1128.7,836644
2026-05-15 10:00:00+0530,1128.3,1130,1121.3,1123.9,721855
2026-05-15 10:15:00+0530,1124,1126.5,1122.1,1123.4,328757
2026-05-15 10:30:00+0530,1123.2,1123.2,1119.4,1122.5,336588
2026-05-15 10:45:00+0530,1122.5,1127,1122.2,1124.8,309352
2026-05-15 11:00:00+0530,1124.8,1124.9,1118.6,1119.9,331799
2026-05-15 11:15:00+0530,1119.7,1121.8,1119.1,1120.1,258370
2026-05-15 11:30:00+0530,1120,1122,1118.3,1120.9,268883
2026-05-15 11:45:00+0530,1120.7,1122.5,1120,1121,246619
2026-05-15 12:00:00+0530,1121,1124.3,1120.6,1122,284482
2026-05-15 12:15:00+0530,1121.9,1122.6,1119.9,1120.5,262675
2026-05-15 12:30:00+0530,1120.5,1125,1120.3,1123.4,413594
2026-05-15 12:45:00+0530,1123.4,1124.6,1122,1124,472605
2026-05-15 13:00:00+0530,1123.9,1126.8,1122.4,1126.8,402387
2026-05-15 13:15:00+0530,1126.6,1127.4,1124.1,1124.9,318863
2026-05-15 13:30:00+0530,1125.2,1125.2,1118.9,1119,399361
2026-05-15 13:45:00+0530,1118.8,1119.5,1115.5,1115.7,377845
2026-05-15 14:00:00+0530,1115.6,1116,1113.9,1115.3,376771
2026-05-15 14:15:00+0530,1115.2,1115.8,1112.8,1115.4,246053
2026-05-15 14:30:00+0530,1115.4,1118.4,1114.7,1118.2,291010
2026-05-15 14:45:00+0530,1118,1118.9,1114.9,1118.6,534217
2026-05-15 15:00:00+0530,1118.6,1122.9,1114.7,1119.5,3829567
2026-05-15 15:15:00+0530,1119.9,1121,1115,1116,3129582
2026-05-18 09:15:00+0530,1119,1136.8,1118,1127.5,1259954
2026-05-18 09:30:00+0530,1127.8,1132.4,1124,1129.6,653509
2026-05-18 09:45:00+0530,1129.6,1130.7,1127.5,1130,274270
2026-05-18 10:00:00+0530,1129.8,1130.8,1126.1,1127,245333
2026-05-18 10:15:00+0530,1126.7,1130,1126.6,1127.6,183980
2026-05-18 10:30:00+0530,1128,1133.7,1127.6,1128.6,721001
2026-05-18 10:45:00+0530,1129,1133.5,1125.9,1132.5,588573
2026-05-18 11:00:00+0530,1132.5,1133.9,1127,1127,660659
2026-05-18 11:15:00+0530,1127.1,1131.6,1125.1,1131,521993
2026-05-18 11:30:00+0530,1131.1,1132.6,1128.9,1132.4,357066
2026-05-18 11:45:00+0530,1132.6,1134.5,1131,1132.7,392249
2026-05-18 12:00:00+0530,1132.8,1140.3,1132.6,1139.5,565499
2026-05-18 12:15:00+0530,1139.8,1141.9,1136,1138.6,514458
2026-05-18 12:30:00+0530,1138.6,1141.2,1138.5,1139.1,280340
2026-05-18 12:45:00+0530,1138.9,1140.8,1138.3,1138.5,227504
2026-05-18 13:00:00+0530,1138.6,1140,1136.5,1138.6,156825
2026-05-18 13:15:00+0530,1138.4,1139.9,1137.2,1138.3,162833
2026-05-18 13:30:00+0530,1138.5,1139.8,1135.2,1137.6,339236
2026-05-18 13:45:00+0530,1137.5,1138.1,1134.5,1137.9,197490
2026-05-18 14:00:00+0530,1138,1138.4,1135.5,1136.7,256536
2026-05-18 14:15:00+0530,1136.6,1141,1134.6,1140.3,421998
2026-05-18 14:30:00+0530,1140.1,1142,1139.6,1141.2,401461
2026-05-18 14:45:00+0530,1141.2,1141.3,1139.1,1140.1,237452
2026-05-18 15:00:00+0530,1140.3,1145.5,1139.9,1141,1296025
2026-05-18 15:15:00+0530,1141.1,1146.1,1139.9,1145.6,1138598
2026-05-19 09:15:00+0530,1162,1197.7,1162,1192.5,3873948
2026-05-19 09:30:00+0530,1192.5,1196.3,1190.5,1193.6,1386341
2026-05-19 09:45:00+0530,1193.5,1194.5,1188.3,1189.4,906473
2026-05-19 10:00:00+0530,1189.7,1193,1188.7,1192.4,510006
2026-05-19 10:15:00+0530,1192.2,1193,1188.8,1191.1,865598
2026-05-19 10:30:00+0530,1191.2,1195.5,1189.3,1195,1948413
2026-05-19 10:45:00+0530,1194.6,1195.1,1188.4,1190.9,1173022
2026-05-19 11:00:00+0530,1191,1191.9,1189.2,1190.5,909700
2026-05-19 11:15:00+0530,1190.6,1191,1188,1189.1,903876
2026-05-19 11:30:00+0530,1189.1,1190,1186.6,1188.7,1187639
2026-05-19 11:45:00+0530,1188.8,1189.9,1187.4,1189.5,919791
2026-05-19 12:00:00+0530,1189.8,1189.9,1186.2,1187.2,1257662
2026-05-19 12:15:00+0530,1187.3,1189.2,1185.6,1187,1058816
2026-05-19 12:30:00+0530,1187.3,1189,1186.1,1188.4,901158
2026-05-19 12:45:00+0530,1188.5,1189.2,1187.5,1188.8,982654
2026-05-19 13:00:00+0530,1188.9,1191.5,1188.4,1189.8,1059822
2026-05-19 13:15:00+0530,1189.9,1190.5,1189.3,1189.6,1099169
2026-05-19 13:30:00+0530,1189.5,1190.6,1186.1,1186.1,1277717
2026-05-19 13:45:00+0530,1186.2,1188.8,1184.5,1185.8,1292613
2026-05-19 14:00:00+0530,1185.9,1190.9,1185.6,1190.7,991168
2026-05-19 14:15:00+0530,1190.9,1193.5,1190,1190,1344319
2026-05-19 14:30:00+0530,1190,1193.9,1189,1193.2,690045
2026-05-19 14:45:00+0530,1193,1196.2,1192,1196,1179607
2026-05-19 15:00:00+0530,1196.1,1198.4,1195,1198.2,2273324
2026-05-19 15:15:00+0530,1198.1,1198.3,1193,1194,2030824
2026-05-20 09:15:00+0530,1187,1201,1184.9,1199.9,1556405
2026-05-20 09:30:00+0530,1199.8,1206,1199.6,1203.2,901863
2026-05-20 09:45:00+0530,1203.3,1206.9,1201.8,1203.9,742363
2026-05-20 10:00:00+0530,1204.1,1205,1195,1195.8,643488
2026-05-20 10:15:00+0530,1196,1197.6,1192.4,1195.2,497571
2026-05-20 10:30:00+0530,1195.4,1196.4,1193.9,1195,369565
2026-05-20 10:45:00+0530,1195.1,1197.9,1193.4,1196.1,697324
2026-05-20 11:00:00+0530,1196.1,1196.9,1194.1,1195.1,615624
2026-05-20 11:15:00+0530,1195,1195.6,1192,1192.9,514521
2026-05-20 11:30:00+0530,1192.5,1193,1189.5,1190.1,375905
2026-05-20 11:45:00+0530,1190.3,1194.4,1189.3,1191.4,388101
2026-05-20 12:00:00+0530,1191.6,1193.8,1189.4,1192.8,379283
2026-05-20 12:15:00+0530,1192.9,1193.3,1191,1191.5,357662
2026-05-20 12:30:00+0530,1191.3,1193.1,1190.9,1191.2,331400
2026-05-20 12:45:00+0530,1191.3,1192.9,1190.3,1192.5,370445
2026-05-20 13:00:00+0530,1192.7,1194.2,1191.2,1192.4,550455
2026-05-20 13:15:00+0530,1192.3,1193.6,1190.3,1191,559131
2026-05-20 13:30:00+0530,1191,1193.5,1190.9,1193.3,436736
2026-05-20 13:45:00+0530,1193.4,1195.5,1193.3,1194.3,446783
2026-05-20 14:00:00+0530,1194.2,1198.6,1192.6,1197.2,324044
2026-05-20 14:15:00+0530,1197.2,1198.5,1196.2,1197.6,316893
2026-05-20 14:30:00+0530,1197.7,1199.1,1196.1,1198.8,379102
2026-05-20 14:45:00+0530,1198.9,1199.1,1195.2,1195.2,428202
2026-05-20 15:00:00+0530,1195.3,1197.9,1193.7,1197.1,1169309
2026-05-20 15:15:00+0530,1197,1197.3,1185.7,1189.2,1676911
2026-05-21 09:15:00+0530,1196.1,1201.8,1189,1192.2,1040445
2026-05-21 09:30:00+0530,1193,1193.9,1187.3,1191,390493
2026-05-21 09:45:00+0530,1191,1195.4,1190.2,1191.5,382682
2026-05-21 10:00:00+0530,1191.2,1191.6,1189.1,1189.6,255479
2026-05-21 10:15:00+0530,1189.5,1192,1188.4,1189.5,318840
2026-05-21 10:30:00+0530,1189,1190,1183.5,1185.8,451860
2026-05-21 10:45:00+0530,1185.5,1187.4,1183.8,1184.8,279398
2026-05-21 11:00:00+0530,1185,1189,1183.9,1186,256646
2026-05-21 11:15:00+0530,1186.2,1189.4,1183,1188.3,339043
2026-05-21 11:30:00+0530,1188.3,1190.2,1187.1,1188.1,270412
2026-05-21 11:45:00+0530,1188.1,1189.8,1186.5,1189.6,202186
2026-05-21 12:00:00+0530,1189.7,1190.7,1187.9,1188,336884
2026-05-21 12:15:00+0530,1188.1,1188.1,1185.3,1185.7,285910
2026-05-21 12:30:00+0530,1185.4,1186.6,1183.2,1185.7,216616
2026-05-21 12:45:00+0530,1185.7,1186,1183.1,1185.2,232212
2026-05-21 13:00:00+0530,1185.3,1186.4,1183.8,1184.2,229074
2026-05-21 13:15:00+0530,1184.3,1184.8,1180.8,1181.8,244946
2026-05-21 13:30:00+0530,1182,1184,1181.5,1183.8,302597
2026-05-21 13:45:00+0530,1183.8,1185.5,1183,1184.7,332632
2026-05-21 14:00:00+0530,1184.8,1185.2,1180.3,1180.9,378411
2026-05-21 14:15:00+0530,1180.9,1182.5,1179.2,1181.2,240361
2026-05-21 14:30:00+0530,1181.5,1184,1178.3,1178.9,493069
2026-05-21 14:45:00+0530,1178.8,1181.6,1178.2,1181.5,399142
2026-05-21 15:00:00+0530,1181.5,1183.8,1180.1,1180.4,1211824
2026-05-21 15:15:00+0530,1180.5,1183.1,1177,1178.2,897778
2026-05-22 09:15:00+0530,1182.5,1187,1172.5,1174.9,683045
2026-05-22 09:30:00+0530,1175,1181.9,1175,1178.3,373992
2026-05-22 09:45:00+0530,1178.7,1183.1,1175.4,1181,323231
2026-05-22 10:00:00+0530,1181,1182.6,1179.1,1179.5,294636
2026-05-22 10:15:00+0530,1179.9,1183.2,1176.5,1182,316008
2026-05-22 10:30:00+0530,1182,1191.8,1181.9,1189.4,318380
2026-05-22 10:45:00+0530,1189.6,1190,1186.6,1187,238521
2026-05-22 11:00:00+0530,1187.4,1187.6,1184.8,1186.4,242642
2026-05-22 11:15:00+0530,1186.2,1187.8,1185,1186.5,247793
2026-05-22 11:30:00+0530,1186.5,1187.3,1183.4,1185.9,316961
2026-05-22 11:45:00+0530,1185.8,1187.5,1184.5,1186,361109
2026-05-22 12:00:00+0530,1186.4,1186.4,1182.9,1184.6,414000
2026-05-22 12:15:00+0530,1184.6,1185.4,1181.3,1181.5,300002
2026-05-22 12:30:00+0530,1181.5,1181.8,1179.3,1181.1,226941
2026-05-22 12:45:00+0530,1181.1,1182.8,1180,1180,200150
2026-05-22 13:00:00+0530,1180,1180.8,1178.3,1179.1,196228
2026-05-22 13:15:00+0530,1179.2,1179.7,1176,1177.8,252801
2026-05-22 13:30:00+0530,1177.6,1178,1175.7,1177.4,255330
2026-05-22 13:45:00+0530,1177.4,1179.6,1175.4,1176,292504
2026-05-22 14:00:00+0530,1176,1177.3,1175.2,1175.8,263313
2026-05-22 14:15:00+0530,1175.8,1177.9,1174.3,1174.3,340488
2026-05-22 14:30:00+0530,1174.7,1176.2,1173.8,1174,219065
2026-05-22 14:45:00+0530,1174,1177.8,1174,1177.5,359652
2026-05-22 15:00:00+0530,1177.5,1177.5,1173,1175.2,965524
2026-05-22 15:15:00+0530,1175.2,1176.8,1173.5,1175,788456
2026-05-25 09:15:00+0530,1183,1185,1169.4,1175.5,659028
2026-05-25 09:30:00+0530,1175.5,1177,1172.1,1174.6,339963
2026-05-25 09:45:00+0530,1174.5,1175.3,1172.9,1173.3,200976
2026-05-25 10:00:00+0530,1173.9,1174.7,1171,1173.7,240117
2026-05-25 10:15:00+0530,1173.7,1177.9,1172.6,1173.4,214687
2026-05-25 10:30:00+0530,1173.4,1177.5,1173,1177.3,177543
2026-05-25 10:45:00+0530,1177.1,1178.8,1175.6,1178.3,169650
2026-05-25 11:00:00+0530,1178.2,1179,1176.8,1177.9,140277
2026-05-25 11:15:00+0530,1178,1178.5,1176.3,1178.4,116699
2026-05-25 11:30:00+0530,1178.4,1178.6,1176.7,1177.9,89680
2026-05-25 11:45:00+0530,1177.9,1178.1,1175,1175.7,156277
2026-05-25 12:00:00+0530,1175.4,1176.9,1173.7,1174.1,168763
2026-05-25 12:15:00+0530,1174.1,1174.1,1172.2,1172.6,161207
2026-05-25 12:30:00+0530,1172.7,1174.3,1172.3,1174,117788
2026-05-25 12:45:00+0530,1173.8,1174,1171.1,1172.2,135629
2026-05-25 13:00:00+0530,1172.2,1174.6,1171.6,1172.5,143096
2026-05-25 13:15:00+0530,1172.8,1177.5,1172.5,1177,308305
2026-05-25 13:30:00+0530,1177.1,1178.2,1173.2,1173.4,289329
2026-05-25 13:45:00+0530,1173.4,1173.6,1171.5,1171.7,134602
2026-05-25 14:00:00+0530,1172,1172.9,1171.4,1171.7,102369
2026-05-25 14:15:00+0530,1172,1173.2,1170.7,1172,212425
2026-05-25 14:30:00+0530,1171.9,1173.1,1171.2,1172.2,289992
2026-05-25 14:45:00+0530,1172.2,1172.3,1170.2,1171.7,225702
2026-05-25 15:00:00+0530,1171.7,1171.7,1168.6,1169,433742
2026-05-25 15:15:00+0530,1169,1169.2,1166.1,1168,588169
2026-05-26 09:15:00+0530,1166.3,1180.2,1163.3,1175.1,626633
2026-05-26 09:30:00+0530,1174.9,1180.7,1172.8,1178.8,371533
2026-05-26 09:45:00+0530,1178.8,1178.9,1175.5,1176.7,196760
2026-05-26 10:00:00+0530,1176.6,1177.3,1172.3,1176.6,195236
2026-05-26 10:15:00+0530,1176.6,1178,1174.8,1177,234912
2026-05-26 10:30:00+0530,1177,1179,1176.2,1178.7,178214
2026-05-26 10:45:00+0530,1178.7,1178.9,1177.4,1178.4,161895
2026-05-26 11:00:00+0530,1177.9,1179.9,1177.9,1179.4,233897
2026-05-26 11:15:00+0530,1179.3,1180,1174.4,1174.8,216728
2026-05-26 11:30:00+0530,1174.8,1178.3,1173.2,1177.1,227991
2026-05-26 11:45:00+0530,1177.1,1177.9,1175.1,1175.5,157447
2026-05-26 12:00:00+0530,1175.4,1176,1172.6,1173.2,218323
2026-05-26 12:15:00+0530,1173.2,1175.8,1173.2,1175.6,130524
2026-05-26 12:30:00+0530,1175.5,1177,1174.1,1175.1,149928
2026-05-26 12:45:00+0530,1175.1,1176.4,1173.8,1175.5,206837
2026-05-26 13:00:00+0530,1175.5,1175.8,1171.7,1174.8,278187
2026-05-26 13:15:00+0530,1174.8,1175.5,1173.6,1174.8,202330
2026-05-26 13:30:00+0530,1175,1177,1172.8,1173.1,231056
2026-05-26 13:45:00+0530,1172.8,1173.6,1168.5,1168.7,402772
2026-05-26 14:00:00+0530,1168.7,1169.4,1165.6,1168.6,275100
2026-05-26 14:15:00+0530,1168.6,1169.6,1167.7,1168.3,196926
2026-05-26 14:30:00+0530,1168.3,1169,1165.5,1166.7,361096
2026-05-26 14:45:00+0530,1166.7,1168.6,1165.6,1168.4,256012
2026-05-26 15:00:00+0530,1168.1,1170.5,1166,1167.5,1330274
2026-05-26 15:15:00+0530,1167.5,1168,1162.9,1166,948505
2026-05-27 09:15:00+0530,1161,1167.3,1155,1159.4,903853
2026-05-27 09:30:00+0530,1159.4,1162.8,1159.2,1160.7,336846
2026-05-27 09:45:00+0530,1160.4,1160.6,1157,1157.2,213832
2026-05-27 10:00:00+0530,1157,1159.8,1156.4,1159.8,173661
2026-05-27 10:15:00+0530,1159.6,1162.7,1157.5,1158.7,215080
2026-05-27 10:30:00+0530,1158.9,1159.8,1158,1159,151833
2026-05-27 10:45:00+0530,1159,1162.7,1158.1,1162.5,181004
2026-05-27 11:00:00+0530,1162.5,1167.1,1161.6,1165.2,316770
2026-05-27 11:15:00+0530,1165.4,1165.4,1161.7,1162,149987
2026-05-27 11:30:00+0530,1162,1163.8,1161,1162.5,134269
2026-05-27 11:45:00+0530,1162.2,1164.3,1162,1162.2,134045
2026-05-27 12:00:00+0530,1162.4,1163.7,1162.1,1163.2,99413
2026-05-27 12:15:00+0530,1163.5,1164,1160.5,1161.1,187716
2026-05-27 12:30:00+0530,1161.1,1162.6,1160,1162.2,92073
2026-05-27 12:45:00+0530,1162.6,1162.6,1160.1,1160.5,74034
2026-05-27 13:00:00+0530,1160.5,1162,1159.5,1160,160223
2026-05-27 13:15:00+0530,1160,1161.3,1158.2,1160.8,181803
2026-05-27 13:30:00+0530,1161,1162.8,1159.7,1160,154392
2026-05-27 13:45:00+0530,1159.8,1161.1,1158.2,1160.5,161362
2026-05-27 14:00:00+0530,1160.6,1161.3,1159,1159.2,190500
2026-05-27 14:15:00+0530,1159.2,1162,1158,1158.3,373367
2026-05-27 14:30:00+0530,1158.4,1159.1,1155.8,1155.9,393215
2026-05-27 14:45:00+0530,1156,1157.9,1155.2,1157.7,250372
2026-05-27 15:00:00+0530,1157.7,1159.6,1156,1159.3,476665
2026-05-27 15:15:00+0530,1159.3,1162.9,1159.2,1162,493161
2026-05-29 09:15:00+0530,1182,1205,1180.2,1195.4,2445528
2026-05-29 09:30:00+0530,1195.4,1205,1192.6,1201.4,1058033
2026-05-29 09:45:00+0530,1202,1208,1201.2,1205.5,1036220
2026-05-29 10:00:00+0530,1205.7,1210,1204.7,1207.5,740608
2026-05-29 10:15:00+0530,1207.5,1209,1204.1,1204.3,392551
2026-05-29 10:30:00+0530,1204.7,1206,1202.7,1205,298486
2026-05-29 10:45:00+0530,1205,1206,1200.7,1201.8,449584
2026-05-29 11:00:00+0530,1201.4,1205,1199,1203.8,557792
2026-05-29 11:15:00+0530,1204,1205.7,1202.7,1202.7,580219
2026-05-29 11:30:00+0530,1203,1206.9,1199.6,1204.8,650228
2026-05-29 11:45:00+0530,1204.6,1206.5,1202.8,1204.3,497858
2026-05-29 12:00:00+0530,1204.3,1205,1202.4,1203.1,473097
2026-05-29 12:15:00+0530,1203.1,1204,1201.4,1202,543912
2026-05-29 12:30:00+0530,1202,1202.5,1200.4,1201.3,437872
2026-05-29 12:45:00+0530,1201.3,1203,1200.4,1201,452679
2026-05-29 13:00:00+0530,1201.2,1201.7,1199.2,1199.5,490575
2026-05-29 13:15:00+0530,1199.5,1200,1195.2,1196.8,682516
2026-05-29 13:30:00+0530,1196.8,1197.5,1193,1193.1,626739
2026-05-29 13:45:00+0530,1193.4,1193.6,1187.5,1191,751659
2026-05-29 14:00:00+0530,1191.2,1191.5,1188.3,1189.6,631933
2026-05-29 14:15:00+0530,1189.6,1191.8,1187.5,1188.6,484016
2026-05-29 14:30:00+0530,1188.5,1194.3,1187,1192.2,563075
2026-05-29 14:45:00+0530,1192.3,1196.8,1190.8,1192.4,605904
2026-05-29 15:00:00+0530,1192.6,1192.6,1153.6,1160.2,31812567
2026-05-29 15:15:00+0530,1160.9,1166,1154.5,1156.5,21724569
2026-06-01 09:15:00+0530,1175,1197.2,1173.7,1196.1,2122506
2026-06-01 09:30:00+0530,1196.2,1200.6,1193.5,1200.6,1072467
2026-06-01 09:45:00+0530,1200.7,1212.7,1198.1,1207.5,1618043
2026-06-01 10:00:00+0530,1207.5,1209.9,1205,1209.8,549430
2026-06-01 10:15:00+0530,1209.4,1216.2,1208,1212.4,1030034
2026-06-01 10:30:00+0530,1212.5,1212.5,1208,1208.3,507407
2026-06-01 10:45:00+0530,1207.8,1211.4,1205.6,1211,419356
2026-06-01 11:00:00+0530,1211.2,1214.5,1211,1214,546149
2026-06-01 11:15:00+0530,1214,1214.4,1212,1213.5,370519
2026-06-01 11:30:00+0530,1213.6,1213.8,1211.2,1211.5,315114
2026-06-01 11:45:00+0530,1211.4,1213.5,1209.2,1209.7,293808
2026-06-01 12:00:00+0530,1209.7,1213.8,1208.3,1213.1,381287
2026-06-01 12:15:00+0530,1213.1,1217,1213,1214.7,628889
2026-06-01 12:30:00+0530,1215,1215,1211.6,1212.4,206335
2026-06-01 12:45:00+0530,1212.5,1213.9,1212.1,1213.5,350587
2026-06-01 13:00:00+0530,1213.5,1214.3,1210.6,1213.5,591221
2026-06-01 13:15:00+0530,1213.3,1214.1,1212.7,1213.8,332773
2026-06-01 13:30:00+0530,1213.9,1214.3,1212.8,1213.2,368808
2026-06-01 13:45:00+0530,1213.3,1213.7,1212,1212.8,317776
2026-06-01 14:00:00+0530,1212.8,1213,1210,1210.4,345964
2026-06-01 14:15:00+0530,1210.5,1211.4,1205.4,1205.9,416573
2026-06-01 14:30:00+0530,1206,1207.5,1204,1206.6,523807
2026-06-01 14:45:00+0530,1206.6,1207.5,1204.4,1206.2,475645
2026-06-01 15:00:00+0530,1206.2,1206.3,1200.4,1202.4,3053132
2026-06-01 15:15:00+0530,1202.5,1204.1,1200.1,1203,2437623
2026-06-02 09:15:00+0530,1232.5,1251,1232.5,1244.4,4483917
2026-06-02 09:30:00+0530,1244.7,1255.9,1244.2,1254.8,3597312
2026-06-02 09:45:00+0530,1254.8,1259.8,1252.6,1259.5,2455696
2026-06-02 10:00:00+0530,1259.8,1264.5,1257.4,1260.8,1503156
2026-06-02 10:15:00+0530,1261,1267.5,1260.4,1267.4,1198446
2026-06-02 10:30:00+0530,1267.4,1276.9,1266.5,1275,2026246
2026-06-02 10:45:00+0530,1274.8,1274.9,1266.3,1266.7,988702
2026-06-02 11:00:00+0530,1267,1273.3,1266.7,1272.3,883565
2026-06-02 11:15:00+0530,1272.3,1274.9,1271.8,1274.3,884378
2026-06-02 11:30:00+0530,1274.5,1278,1273,1277.2,1130408
2026-06-02 11:45:00+0530,1277.2,1278.9,1275.4,1276.7,1115479
2026-06-02 12:00:00+0530,1276.8,1277.4,1270.6,1271,937270
2026-06-02 12:15:00+0530,1271.1,1272.7,1267.2,1272,1119114
2026-06-02 12:30:00+0530,1271.9,1275,1271.9,1272.1,708452
2026-06-02 12:45:00+0530,1272.1,1274.9,1265.9,1267,1067227
2026-06-02 13:00:00+0530,1267,1269.8,1266.3,1268,712233
2026-06-02 13:15:00+0530,1268,1268,1264,1265,855377
2026-06-02 13:30:00+0530,1264.9,1266,1263,1264.5,897676
2026-06-02 13:45:00+0530,1264.8,1268.4,1263.1,1266.3,1106037
2026-06-02 14:00:00+0530,1265.8,1271.8,1265.2,1270.9,1172497
2026-06-02 14:15:00+0530,1270.9,1270.9,1266.7,1266.9,1063001
2026-06-02 14:30:00+0530,1267,1268.9,1265.5,1267.7,648051
2026-06-02 14:45:00+0530,1267.7,1269.9,1267,1267.7,702967
2026-06-02 15:00:00+0530,1267.6,1272,1267.6,1272,1866784
2026-06-02 15:15:00+0530,1271.9,1273.3,1268,1270,2674666
2026-06-03 09:15:00+0530,1242.1,1249.9,1230.1,1235.2,3377426
2026-06-03 09:30:00+0530,1235.5,1235.7,1223.6,1224.3,1387966
2026-06-03 09:45:00+0530,1224.5,1227.9,1221.9,1223.5,963897
2026-06-03 10:00:00+0530,1223.5,1224.6,1219.3,1220,784394
2026-06-03 10:15:00+0530,1219.9,1224.6,1217.2,1224.3,735139
2026-06-03 10:30:00+0530,1224.4,1228.5,1221.5,1224.8,692225
2026-06-03 10:45:00+0530,1224.7,1232,1223.6,1228.7,552868
2026-06-03 11:00:00+0530,1228.7,1229.2,1223.1,1226,513457
2026-06-03 11:15:00+0530,1226,1228.1,1222.4,1223.7,447065
2026-06-03 11:30:00+0530,1223.8,1225.8,1222.7,1223.3,346025
2026-06-03 11:45:00+0530,1223.7,1225.5,1216,1216.3,596090
2026-06-03 12:00:00+0530,1216.3,1220,1216,1216.7,584239
2026-06-03 12:15:00+0530,1216.6,1221.6,1216.5,1221,445238
2026-06-03 12:30:00+0530,1220.9,1224.9,1220.4,1223.1,535185
2026-06-03 12:45:00+0530,1222.9,1223.2,1220,1221.2,362369
2026-06-03 13:00:00+0530,1221.2,1222.8,1220.6,1222.5,331662
2026-06-03 13:15:00+0530,1223.5,1224.4,1221.6,1223,385826
2026-06-03 13:30:00+0530,1223,1223.6,1220.4,1220.7,353385
2026-06-03 13:45:00+0530,1220.6,1226,1220.5,1222.4,444719
2026-06-03 14:00:00+0530,1222.7,1224.4,1219.7,1220.9,486784
2026-06-03 14:15:00+0530,1220.4,1222.9,1219.1,1221,456863
2026-06-03 14:30:00+0530,1221.1,1223,1220.3,1221.5,441315
2026-06-03 14:45:00+0530,1221.5,1222.7,1220.5,1221.4,479171
2026-06-03 15:00:00+0530,1221.5,1224.6,1219.4,1224.2,1365100
2026-06-03 15:15:00+0530,1224.7,1224.7,1218.8,1220.5,1308975
2026-06-04 09:15:00+0530,1208,1215.2,1201.1,1207.9,1346579
2026-06-04 09:30:00+0530,1207.9,1210,1206.5,1207.6,469445
2026-06-04 09:45:00+0530,1207.4,1208,1204.1,1207.3,525358
2026-06-04 10:00:00+0530,1207.3,1207.6,1203.4,1204.4,402089
2026-06-04 10:15:00+0530,1204.6,1205.7,1196.2,1200.2,798895
2026-06-04 10:30:00+0530,1200.5,1203.7,1199.8,1200.3,279686
2026-06-04 10:45:00+0530,1200.3,1205,1200.3,1204.3,219190
2026-06-04 11:00:00+0530,1204.3,1204.5,1202.1,1203.2,173053
2026-06-04 11:15:00+0530,1203.4,1203.9,1202.1,1203,168100
2026-06-04 11:30:00+0530,1202.5,1206.5,1202.2,1205.1,280973
2026-06-04 11:45:00+0530,1205.1,1205.5,1203.5,1203.6,314280
2026-06-04 12:00:00+0530,1203.7,1204.5,1202.3,1203.5,555656
2026-06-04 12:15:00+0530,1203.5,1204.5,1200.5,1201.3,391428
2026-06-04 12:30:00+0530,1201.2,1201.3,1199.1,1199.6,379484
2026-06-04 12:45:00+0530,1199.2,1205.5,1199,1205.5,315088
2026-06-04 13:00:00+0530,1205.5,1205.8,1202.1,1202.2,361017
2026-06-04 13:15:00+0530,1202.1,1205.4,1201.1,1203.8,882477
2026-06-04 13:30:00+0530,1203.7,1205.7,1202.3,1203.7,176494
2026-06-04 13:45:00+0530,1203.7,1203.9,1201.5,1202.7,342910
2026-06-04 14:00:00+0530,1202.7,1204.6,1202.7,1203.9,315929
2026-06-04 14:15:00+0530,1203.9,1204.6,1202.9,1204.5,165419
2026-06-04 14:30:00+0530,1204.5,1206.4,1203,1203.6,372409
2026-06-04 14:45:00+0530,1203.6,1204,1201.3,1202.9,423548
2026-06-04 15:00:00+0530,1202.8,1203,1199,1201.8,1496999
2026-06-04 15:15:00+0530,1201.8,1206,1200.5,1204.4,1491423
2026-06-05 09:15:00+0530,1220,1223.8,1206,1207.9,977071
2026-06-05 09:30:00+0530,1207.9,1208.7,1204,1207.9,461529
2026-06-05 09:45:00+0530,1208,1211.4,1207.5,1207.6,177300
2026-06-05 10:00:00+0530,1207.6,1210,1206.1,1209.5,200816
2026-06-05 10:15:00+0530,1209.5,1209.8,1204.9,1205.3,407524
2026-06-05 10:30:00+0530,1205,1206.7,1202,1206,242941
2026-06-05 10:45:00+0530,1206.5,1206.6,1201,1203.3,217762
2026-06-05 11:00:00+0530,1203,1205.2,1202.1,1202.8,220682
2026-06-05 11:15:00+0530,1202.8,1202.8,1200.3,1201.3,330908
2026-06-05 11:30:00+0530,1201.4,1204.8,1201,1203.9,138573
2026-06-05 11:45:00+0530,1204,1204.6,1201.2,1202,128242
2026-06-05 12:00:00+0530,1202,1202,1200.4,1201.8,278388
2026-06-05 12:15:00+0530,1201.5,1202.5,1201.1,1201.7,87888
2026-06-05 12:30:00+0530,1201.3,1202,1199.2,1199.8,241031
2026-06-05 12:45:00+0530,1200,1201,1199.2,1199.8,209890
2026-06-05 13:00:00+0530,1199.6,1201.9,1199.6,1201,91896
2026-06-05 13:15:00+0530,1200.7,1201.9,1199.4,1199.4,111146
2026-06-05 13:30:00+0530,1199.8,1201.2,1199,1200.4,151315
2026-06-05 13:45:00+0530,1200.1,1200.8,1197.2,1197.8,404994
2026-06-05 14:00:00+0530,1197.6,1198.8,1196.5,1197.7,154117
2026-06-05 14:15:00+0530,1197.7,1199.1,1197.2,1198.9,132575
2026-06-05 14:30:00+0530,1198.9,1200.9,1194.3,1197.7,560613
2026-06-05 14:45:00+0530,1197.5,1200,1197.5,1198.8,239227
2026-06-05 15:00:00+0530,1199,1199.3,1195.1,1197.3,1232108
2026-06-05 15:15:00+0530,1197.6,1199.4,1196.6,1199,1213665
2026-06-08 09:15:00+0530,1177.5,1187.5,1176.5,1178.8,946140
2026-06-08 09:30:00+0530,1178.8,1181.7,1177,1179.3,278354
2026-06-08 09:45:00+0530,1179.6,1186.8,1179.4,1186.4,293702
2026-06-08 10:00:00+0530,1186.4,1191,1186,1187.5,399648
2026-06-08 10:15:00+0530,1187.5,1188.9,1185.6,1187.5,111402
2026-06-08 10:30:00+0530,1187.5,1197.6,1187,1197.3,562645
2026-06-08 10:45:00+0530,1197,1200.2,1194.8,1199.2,713463
2026-06-08 11:00:00+0530,1199.2,1200.7,1193,1194,345542
2026-06-08 11:15:00+0530,1194,1194.4,1190.1,1192.9,289870
2026-06-08 11:30:00+0530,1192.8,1196.2,1192.7,1194.2,238385
2026-06-08 11:45:00+0530,1194.8,1197.7,1193.9,1196.1,183186
2026-06-08 12:00:00+0530,1196.1,1197.3,1194.5,1195.2,116425
2026-06-08 12:15:00+0530,1195.2,1195.8,1194.5,1195,133860
2026-06-08 12:30:00+0530,1195.1,1195.2,1191.6,1192.3,184679
2026-06-08 12:45:00+0530,1192.3,1194.6,1191.4,1191.5,104871
2026-06-08 13:00:00+0530,1191.3,1192.3,1187.5,1191.8,257906
2026-06-08 13:15:00+0530,1191.8,1192.5,1190.8,1191.9,157872
2026-06-08 13:30:00+0530,1191.9,1192.4,1190.7,1190.7,250604
2026-06-08 13:45:00+0530,1190.8,1191.6,1188.5,1190.7,703036
2026-06-08 14:00:00+0530,1191.1,1191.6,1188,1188.6,155553
2026-06-08 14:15:00+0530,1188.6,1188.8,1186.3,1186.5,130010
2026-06-08 14:30:00+0530,1186.3,1188.5,1186.1,1188.2,145206
2026-06-08 14:45:00+0530,1188.2,1191.5,1187.2,1190.8,204344
2026-06-08 15:00:00+0530,1190.5,1190.5,1185.3,1186.4,718956
2026-06-08 15:15:00+0530,1186,1191,1184.7,1187,906275
