trade_idx,underlying,entry_date,expiry,date,leg,strike,close,volume,oi,num_trades,notional_lakh,traded_value_inr,avg_trade_inr,our_share_of_traded
0,FINNIFTY,2023-08-14,2023-08-29,2023-08-14,ce_short,20050,70.0,12,840,,96.58,33600.0,,0.4083
0,FINNIFTY,2023-08-14,2023-08-29,2023-08-14,pe_short,19250,91.45,13,520,,100.59,47554.0,,0.3769
0,FINNIFTY,2023-08-14,2023-08-29,2023-08-14,wce_long,20200,35.4,49,6720,,396.63,69384.0,,0.1041
0,FINNIFTY,2023-08-14,2023-08-29,2023-08-14,wpe_long,19100,105.1,1,40,,7.68,4204.0,,5.1
0,FINNIFTY,2023-08-14,2023-08-29,2023-08-16,ce_short,20050,70.0,0,840,,,,,
0,FINNIFTY,2023-08-14,2023-08-29,2023-08-16,pe_short,19250,91.45,0,520,,,,,
0,FINNIFTY,2023-08-14,2023-08-29,2023-08-16,wce_long,20200,20.75,99,8280,,800.8,82170.0,,0.0879
0,FINNIFTY,2023-08-14,2023-08-29,2023-08-16,wpe_long,19100,105.1,0,40,,,,,
0,FINNIFTY,2023-08-14,2023-08-29,2023-08-17,ce_short,20050,70.0,0,840,,,,,
0,FINNIFTY,2023-08-14,2023-08-29,2023-08-17,pe_short,19250,91.45,0,520,,,,,
0,FINNIFTY,2023-08-14,2023-08-29,2023-08-17,wce_long,20200,14.75,113,10920,,913.8,66670.0,,0.1083
0,FINNIFTY,2023-08-14,2023-08-29,2023-08-17,wpe_long,19100,105.1,0,40,,,,,
0,FINNIFTY,2023-08-14,2023-08-29,2023-08-18,ce_short,20050,11.85,82,1800,,658.13,38868.0,,0.353
0,FINNIFTY,2023-08-14,2023-08-29,2023-08-18,pe_short,19250,56.2,539,9160,,4161.19,1211672.0,,0.0148
0,FINNIFTY,2023-08-14,2023-08-29,2023-08-18,wce_long,20200,7.3,1632,21320,,13192.37,476544.0,,0.0152
0,FINNIFTY,2023-08-14,2023-08-29,2023-08-18,wpe_long,19100,105.1,0,40,,,,,
0,FINNIFTY,2023-08-14,2023-08-29,2023-08-21,ce_short,20050,13.85,1169,7320,,9381.68,647626.0,,0.0212
0,FINNIFTY,2023-08-14,2023-08-29,2023-08-21,pe_short,19250,31.6,1765,12480,,13613.91,2230960.0,,0.008
0,FINNIFTY,2023-08-14,2023-08-29,2023-08-21,wce_long,20200,6.95,3773,45400,,30495.64,1048894.0,,0.0069
0,FINNIFTY,2023-08-14,2023-08-29,2023-08-21,wpe_long,19100,18.2,1549,12400,,11844.66,1127672.0,,0.019
0,FINNIFTY,2023-08-14,2023-08-29,2023-08-22,ce_short,20050,7.35,6265,33360,,50270.03,1841910.0,,0.0074
0,FINNIFTY,2023-08-14,2023-08-29,2023-08-22,pe_short,19250,26.85,15684,228360,,120913.19,16844616.0,,0.0011
0,FINNIFTY,2023-08-14,2023-08-29,2023-08-22,wce_long,20200,3.9,12306,106520,,99456.24,1919736.0,,0.0038
0,FINNIFTY,2023-08-14,2023-08-29,2023-08-22,wpe_long,19100,14.65,13713,126160,,104833.9,8035818.0,,0.0027
0,FINNIFTY,2023-08-14,2023-08-29,2023-08-23,ce_short,20050,13.9,89977,232320,,722002.01,50027212.0,,0.0003
0,FINNIFTY,2023-08-14,2023-08-29,2023-08-23,pe_short,19250,12.25,140349,252400,,1081713.62,68771010.0,,0.0003
0,FINNIFTY,2023-08-14,2023-08-29,2023-08-23,wce_long,20200,5.25,74134,256120,,599134.45,15568140.0,,0.0005
0,FINNIFTY,2023-08-14,2023-08-29,2023-08-23,wpe_long,19100,8.2,79448,336640,,607287.86,26058944.0,,0.0008
0,FINNIFTY,2023-08-14,2023-08-29,2023-08-24,ce_short,20050,9.7,289708,880840,,2325995.2,112406704.0,,0.0001
0,FINNIFTY,2023-08-14,2023-08-29,2023-08-24,pe_short,19250,4.85,87987,655920,,677714.34,17069478.0,,0.0011
0,FINNIFTY,2023-08-14,2023-08-29,2023-08-24,wce_long,20200,3.4,258254,747440,,2087576.11,35122544.0,,0.0002
0,FINNIFTY,2023-08-14,2023-08-29,2023-08-24,wpe_long,19100,2.95,83841,401120,,640688.75,9893238.0,,0.0022
0,FINNIFTY,2023-08-14,2023-08-29,2023-08-25,ce_short,20050,2.85,517442,1025640,,4150674.3,58988388.0,,0.0002
0,FINNIFTY,2023-08-14,2023-08-29,2023-08-25,pe_short,19250,5.65,547621,652400,,4218221.66,123762346.0,,0.0001
0,FINNIFTY,2023-08-14,2023-08-29,2023-08-25,wce_long,20200,1.7,598270,1892880,,4834537.03,40682360.0,,0.0002
0,FINNIFTY,2023-08-14,2023-08-29,2023-08-25,wpe_long,19100,2.4,381112,901480,,2912259.73,36586752.0,,0.0006
0,FINNIFTY,2023-08-14,2023-08-29,2023-08-28,ce_short,20050,0.95,869058,2371240,,6970410.45,33024204.0,,0.0004
0,FINNIFTY,2023-08-14,2023-08-29,2023-08-28,pe_short,19250,1.6,382833,1088600,,2948107.37,24501312.0,,0.0007
0,FINNIFTY,2023-08-14,2023-08-29,2023-08-28,wce_long,20200,0.65,437701,2207120,,3536791.76,11380226.0,,0.0006
0,FINNIFTY,2023-08-14,2023-08-29,2023-08-28,wpe_long,19100,1.3,371362,1511920,,2837410.69,19310824.0,,0.0011
0,FINNIFTY,2023-08-14,2023-08-29,2023-08-29,ce_short,20050,0.05,1173526,2716880,,9411921.74,2347052.0,,0.0058
0,FINNIFTY,2023-08-14,2023-08-29,2023-08-29,pe_short,19250,0.05,225043,835080,,1732872.68,450086.0,,0.0398
0,FINNIFTY,2023-08-14,2023-08-29,2023-08-29,wce_long,20200,0.05,708693,2588120,,5726342.38,1417386.0,,0.0051
0,FINNIFTY,2023-08-14,2023-08-29,2023-08-29,wpe_long,19100,0.05,268620,991320,,2052301.09,537240.0,,0.0399
1,FINNIFTY,2023-12-12,2023-12-26,2023-12-12,ce_short,21600,83.15,15,560,,130.14,49890.0,,0.3267
1,FINNIFTY,2023-12-12,2023-12-26,2023-12-12,pe_short,20750,78.0,3,120,,24.99,9360.0,,1.6333
1,FINNIFTY,2023-12-12,2023-12-26,2023-12-12,wce_long,21750,85.05,1,1120,,8.73,3402.0,,5.1
1,FINNIFTY,2023-12-12,2023-12-26,2023-12-12,wpe_long,20600,43.3,49,10360,,404.58,84868.0,,0.1041
1,FINNIFTY,2023-12-12,2023-12-26,2023-12-13,ce_short,21600,59.0,37,720,,320.59,87320.0,,0.1866
1,FINNIFTY,2023-12-12,2023-12-26,2023-12-13,pe_short,20750,81.95,1,160,,8.33,3278.0,,4.6638
1,FINNIFTY,2023-12-12,2023-12-26,2023-12-13,wce_long,21750,85.05,0,1120,,,,,
1,FINNIFTY,2023-12-12,2023-12-26,2023-12-13,wpe_long,20600,29.95,109,9160,,899.89,130582.0,,0.0676
1,FINNIFTY,2023-12-12,2023-12-26,2023-12-14,ce_short,21600,172.3,948,7920,,8254.62,6533616.0,,0.0025
1,FINNIFTY,2023-12-12,2023-12-26,2023-12-14,pe_short,20750,81.95,0,160,,,,,
1,FINNIFTY,2023-12-12,2023-12-26,2023-12-14,wce_long,21750,108.0,6,1160,,52.44,25920.0,,0.6694
1,FINNIFTY,2023-12-12,2023-12-26,2023-12-14,wpe_long,20600,14.35,270,11120,,2226.5,154980.0,,0.057
2,FINNIFTY,2024-12-09,2024-12-31,2024-12-09,ce_short,25200,200.4,7510,41650,3552.0,4773131455.0,97825260.0,27541.0,0.0007
2,FINNIFTY,2024-12-09,2024-12-31,2024-12-09,pe_short,24250,185.55,1218,22775,581.0,743933588.75,14689994.0,25284.0,0.004
2,FINNIFTY,2024-12-09,2024-12-31,2024-12-09,wce_long,25350,156.8,1887,17000,952.0,1204063725.0,19232304.0,20202.0,0.0027
2,FINNIFTY,2024-12-09,2024-12-31,2024-12-09,wpe_long,24100,151.6,2661,48850,1134.0,1613411967.5,26221494.0,23123.0,0.0019
2,FINNIFTY,2024-12-09,2024-12-31,2024-12-10,ce_short,25200,216.4,6606,48125,3364.0,4197240086.25,92919996.0,27622.0,0.0007
2,FINNIFTY,2024-12-09,2024-12-31,2024-12-10,pe_short,24250,148.95,801,24150,261.0,488868248.75,7755082.0,29713.0,0.0076
2,FINNIFTY,2024-12-09,2024-12-31,2024-12-10,wce_long,25350,166.25,1892,20050,762.0,1206708957.5,20445425.0,26831.0,0.0025
2,FINNIFTY,2024-12-09,2024-12-31,2024-12-10,wpe_long,24100,120.2,1346,49625,625.0,815409678.75,10516298.0,16826.0,0.0048
2,FINNIFTY,2024-12-09,2024-12-31,2024-12-11,ce_short,25200,195.4,10399,48150,5384.0,6604346295.0,132077699.0,24532.0,0.0005
2,FINNIFTY,2024-12-09,2024-12-31,2024-12-11,pe_short,24250,128.85,2124,26650,711.0,1294730835.0,17789031.0,25020.0,0.0033
2,FINNIFTY,2024-12-09,2024-12-31,2024-12-11,wce_long,25350,147.95,1918,23200,1070.0,1222895513.75,18444926.0,17238.0,0.0028
2,FINNIFTY,2024-12-09,2024-12-31,2024-12-11,wpe_long,24100,102.05,2543,49325,1167.0,1538902955.0,16868355.0,14454.0,0.003
2,FINNIFTY,2024-12-09,2024-12-31,2024-12-12,ce_short,25200,169.85,5398,39275,2775.0,3425097078.75,59595270.0,21476.0,0.0011
2,FINNIFTY,2024-12-09,2024-12-31,2024-12-12,pe_short,24250,129.25,1414,23275,569.0,861768488.75,11879368.0,20878.0,0.005
2,FINNIFTY,2024-12-09,2024-12-31,2024-12-12,wce_long,25350,123.65,1673,20850,842.0,1065990958.75,13446319.0,15970.0,0.0039
2,FINNIFTY,2024-12-09,2024-12-31,2024-12-12,wpe_long,24100,99.1,3187,46750,1192.0,1927900316.25,20529060.0,17222.0,0.0024
2,FINNIFTY,2024-12-09,2024-12-31,2024-12-13,ce_short,25200,180.7,15383,51075,8157.0,9738288566.25,180681026.0,22150.0,0.0004
2,FINNIFTY,2024-12-09,2024-12-31,2024-12-13,pe_short,24250,92.05,6061,19725,4030.0,3704766660.0,36264478.0,8999.0,0.0016
2,FINNIFTY,2024-12-09,2024-12-31,2024-12-13,wce_long,25350,134.85,5751,22950,3122.0,3657304063.75,50408953.0,16146.0,0.001
2,FINNIFTY,2024-12-09,2024-12-31,2024-12-13,wpe_long,24100,71.75,6271,47800,3557.0,3801564248.75,29246376.0,8222.0,0.0017
2,FINNIFTY,2024-12-09,2024-12-31,2024-12-16,ce_short,25200,195.3,11703,47800,5631.0,7430191182.5,148563734.0,26383.0,0.0004
2,FINNIFTY,2024-12-09,2024-12-31,2024-12-16,pe_short,24250,92.85,1960,19575,668.0,1193331088.75,11829090.0,17708.0,0.005
2,FINNIFTY,2024-12-09,2024-12-31,2024-12-16,wce_long,25350,144.95,4323,32375,2338.0,2755164883.75,40730225.0,17421.0,0.0013
2,FINNIFTY,2024-12-09,2024-12-31,2024-12-16,wpe_long,24100,70.05,3543,53225,1641.0,2141556110.0,16132165.0,9831.0,0.0031
2,FINNIFTY,2024-12-09,2024-12-31,2024-12-17,ce_short,25200,112.75,6959,60050,4294.0,4407868561.25,51000771.0,11877.0,0.0013
2,FINNIFTY,2024-12-09,2024-12-31,2024-12-17,pe_short,24250,162.05,4793,33875,3076.0,2925582561.25,50485867.0,16413.0,0.0012
2,FINNIFTY,2024-12-09,2024-12-31,2024-12-17,wce_long,25350,85.55,3251,35925,1622.0,2068308227.5,18077998.0,11145.0,0.0029
2,FINNIFTY,2024-12-09,2024-12-31,2024-12-17,wpe_long,24100,121.25,4914,44550,2796.0,2975290601.25,38728462.0,13851.0,0.0013
2,FINNIFTY,2024-12-09,2024-12-31,2024-12-18,ce_short,25200,78.3,6354,47300,3434.0,4016858188.75,32338683.0,9417.0,0.002
2,FINNIFTY,2024-12-09,2024-12-31,2024-12-18,pe_short,24250,284.15,16158,38025,9954.0,9905606412.5,298434220.0,29981.0,0.0002
2,FINNIFTY,2024-12-09,2024-12-31,2024-12-18,wce_long,25350,61.95,3179,30150,2019.0,2019889381.25,12801038.0,6340.0,0.0041
2,FINNIFTY,2024-12-09,2024-12-31,2024-12-18,wpe_long,24100,216.15,10007,50525,6490.0,6080244297.5,140595848.0,21663.0,0.0004
2,FINNIFTY,2024-12-09,2024-12-31,2024-12-19,ce_short,25200,34.15,6198,61975,2340.0,3910464177.5,13758010.0,5879.0,0.0046
2,FINNIFTY,2024-12-09,2024-12-31,2024-12-19,pe_short,24250,445.3,1236,34550,569.0,763862360.0,35775402.0,62874.0,0.0017
2,FINNIFTY,2024-12-09,2024-12-31,2024-12-19,wce_long,25350,27.2,1881,27825,890.0,1193462240.0,3325608.0,3737.0,0.0156
2,FINNIFTY,2024-12-09,2024-12-31,2024-12-19,wpe_long,24100,350.45,4781,43025,2166.0,2924714946.25,108907594.0,50281.0,0.0005
2,FINNIFTY,2024-12-09,2024-12-31,2024-12-20,ce_short,25200,17.5,9044,84175,4092.0,5702610638.75,10287550.0,2514.0,0.0062
2,FINNIFTY,2024-12-09,2024-12-31,2024-12-20,pe_short,24250,709.4,1623,33850,1458.0,1007386996.25,74838153.0,51329.0,0.0008
2,FINNIFTY,2024-12-09,2024-12-31,2024-12-20,wce_long,25350,14.55,725,28800,282.0,459798887.5,685669.0,2431.0,0.0758
2,FINNIFTY,2024-12-09,2024-12-31,2024-12-20,wpe_long,24100,577.1,4451,60800,3250.0,2729783932.5,166963686.0,51373.0,0.0003
2,FINNIFTY,2024-12-09,2024-12-31,2024-12-23,ce_short,25200,8.05,21974,140025,8606.0,13848965496.25,11497896.0,1336.0,0.0056
2,FINNIFTY,2024-12-09,2024-12-31,2024-12-23,pe_short,24250,474.25,277,32025,127.0,171291801.25,8538871.0,67235.0,0.0069
2,FINNIFTY,2024-12-09,2024-12-31,2024-12-23,wce_long,25350,6.8,1570,28050,729.0,995311968.75,693940.0,952.0,0.0749
2,FINNIFTY,2024-12-09,2024-12-31,2024-12-23,wpe_long,24100,355.2,2651,37700,1974.0,1620980183.75,61206288.0,31006.0,0.0008
2,FINNIFTY,2024-12-09,2024-12-31,2024-12-24,ce_short,25200,2.85,23707,168750,6411.0,14938142782.5,4391722.0,685.0,0.0145
2,FINNIFTY,2024-12-09,2024-12-31,2024-12-24,pe_short,24250,466.65,99,32075,53.0,61191242.5,3002893.0,56658.0,0.0197
2,FINNIFTY,2024-12-09,2024-12-31,2024-12-24,wce_long,25350,2.6,2542,21625,728.0,1611231752.5,429598.0,590.0,0.121
2,FINNIFTY,2024-12-09,2024-12-31,2024-12-24,wpe_long,24100,335.65,1423,36825,687.0,869860042.5,31045947.0,45191.0,0.0016
2,FINNIFTY,2024-12-09,2024-12-31,2024-12-26,ce_short,25200,1.15,31824,168925,7337.0,20050749047.5,2378844.0,324.0,0.0268
2,FINNIFTY,2024-12-09,2024-12-31,2024-12-26,pe_short,24250,468.95,556,31975,263.0,343524378.75,16947853.0,64441.0,0.0035
2,FINNIFTY,2024-12-09,2024-12-31,2024-12-26,wce_long,25350,1.1,3903,23675,1163.0,2473706480.0,279064.0,240.0,0.1863
2,FINNIFTY,2024-12-09,2024-12-31,2024-12-26,wpe_long,24100,340.85,5550,43975,3080.0,3383389378.75,122961638.0,39923.0,0.0004
2,FINNIFTY,2024-12-09,2024-12-31,2024-12-27,ce_short,25200,0.5,15327,248525,5585.0,9656262248.75,498128.0,89.0,0.1281
2,FINNIFTY,2024-12-09,2024-12-31,2024-12-27,pe_short,24250,436.15,422,30325,306.0,260143666.25,11963594.0,39097.0,0.0049
2,FINNIFTY,2024-12-09,2024-12-31,2024-12-27,wce_long,25350,0.55,1259,24400,722.0,797912593.75,45009.0,62.0,1.1549
2,FINNIFTY,2024-12-09,2024-12-31,2024-12-27,wpe_long,24100,305.05,8847,33625,4094.0,5389076323.75,175420528.0,42848.0,0.0003
2,FINNIFTY,2024-12-09,2024-12-31,2024-12-30,ce_short,25200,0.3,53346,285375,10572.0,33608454792.5,1040247.0,98.0,0.0614
2,FINNIFTY,2024-12-09,2024-12-31,2024-12-30,pe_short,24250,631.25,1192,28750,584.0,732712918.75,48909250.0,83749.0,0.0012
2,FINNIFTY,2024-12-09,2024-12-31,2024-12-30,wce_long,25350,0.3,1316,27675,507.0,834027067.5,25662.0,51.0,2.0255
2,FINNIFTY,2024-12-09,2024-12-31,2024-12-30,wpe_long,24100,479.85,52192,73325,21510.0,31719477610.0,1627881528.0,75680.0,0.0
2,FINNIFTY,2024-12-09,2024-12-31,2024-12-31,ce_short,25200,0.05,60837,148450,10054.0,38327614867.5,197720.0,20.0,0.3228
2,FINNIFTY,2024-12-09,2024-12-31,2024-12-31,pe_short,24250,738.35,46,28275,23.0,28729050.0,2207666.0,95986.0,0.0268
2,FINNIFTY,2024-12-09,2024-12-31,2024-12-31,wce_long,25350,0.1,13984,147925,2440.0,8862414906.25,90896.0,37.0,0.5719
2,FINNIFTY,2024-12-09,2024-12-31,2024-12-31,wpe_long,24100,587.25,615,64275,316.0,379618173.75,23475319.0,74289.0,0.0021
3,FINNIFTY,2025-01-08,2025-01-28,2025-01-08,ce_short,23700,232.3,4723,46550,3022.0,2825023151.25,71314938.0,23599.0,0.001
3,FINNIFTY,2025-01-08,2025-01-28,2025-01-08,pe_short,22750,153.15,1990,7625,1411.0,1140276442.5,19809952.0,14040.0,0.0025
3,FINNIFTY,2025-01-08,2025-01-28,2025-01-08,wce_long,23850,183.4,1446,20225,1125.0,868913292.5,17237766.0,15322.0,0.0035
3,FINNIFTY,2025-01-08,2025-01-28,2025-01-08,wpe_long,22600,117.6,1876,10325,1373.0,1066295881.25,14340144.0,10444.0,0.0027
3,FINNIFTY,2025-01-08,2025-01-28,2025-01-09,ce_short,23700,169.45,4028,63300,2633.0,2404198875.0,44365399.0,16850.0,0.0017
3,FINNIFTY,2025-01-08,2025-01-28,2025-01-09,pe_short,22750,208.95,1734,10750,1189.0,995603001.25,23550754.0,19807.0,0.0021
3,FINNIFTY,2025-01-08,2025-01-28,2025-01-09,wce_long,23850,133.25,1921,26375,958.0,1151643915.0,16638261.0,17368.0,0.0037
3,FINNIFTY,2025-01-08,2025-01-28,2025-01-09,wpe_long,22600,164.1,2110,13850,1484.0,1201475493.75,22506315.0,15166.0,0.0017
3,FINNIFTY,2025-01-08,2025-01-28,2025-01-10,ce_short,23700,87.4,4424,64150,2505.0,2633954313.75,25132744.0,10033.0,0.0029
3,FINNIFTY,2025-01-08,2025-01-28,2025-01-10,pe_short,22750,344.75,10803,13325,7667.0,6228787766.25,242081726.0,31575.0,0.0002
3,FINNIFTY,2025-01-08,2025-01-28,2025-01-10,wce_long,23850,65.85,880,23125,568.0,526687462.5,3766620.0,6631.0,0.0161
3,FINNIFTY,2025-01-08,2025-01-28,2025-01-10,wpe_long,22600,282.8,6524,23825,4202.0,3726782598.75,119924168.0,28540.0,0.0003
3,FINNIFTY,2025-01-08,2025-01-28,2025-01-13,ce_short,23700,44.95,10183,50650,4914.0,6049093806.25,29752180.0,6055.0,0.0025
3,FINNIFTY,2025-01-08,2025-01-28,2025-01-13,pe_short,22750,490.4,1882,14500,991.0,1091778313.75,59990632.0,60535.0,0.0008
3,FINNIFTY,2025-01-08,2025-01-28,2025-01-13,wce_long,23850,34.65,2766,42775,1480.0,1652618001.25,6229724.0,4209.0,0.0098
3,FINNIFTY,2025-01-08,2025-01-28,2025-01-13,wpe_long,22600,406.8,19813,26025,12358.0,11377014705.0,523895346.0,42393.0,0.0001
3,FINNIFTY,2025-01-08,2025-01-28,2025-01-14,ce_short,23700,71.75,4748,52575,1973.0,2820971728.75,22143485.0,11223.0,0.0033
3,FINNIFTY,2025-01-08,2025-01-28,2025-01-14,pe_short,22750,292.3,9866,24025,5879.0,5688027150.0,187449067.0,31885.0,0.0003
3,FINNIFTY,2025-01-08,2025-01-28,2025-01-14,wce_long,23850,50.4,4298,51100,2568.0,2567911723.75,14080248.0,5483.0,0.0043
3,FINNIFTY,2025-01-08,2025-01-28,2025-01-14,wpe_long,22600,233.1,28481,60350,15052.0,16285719251.25,431529872.0,28669.0,0.0001
3,FINNIFTY,2025-01-08,2025-01-28,2025-01-15,ce_short,23700,53.35,5493,46525,2023.0,3262128687.5,19048351.0,9416.0,0.0039
3,FINNIFTY,2025-01-08,2025-01-28,2025-01-15,pe_short,22750,311.95,17190,28100,10312.0,9908071973.75,348557332.0,33801.0,0.0001
3,FINNIFTY,2025-01-08,2025-01-28,2025-01-15,wce_long,23850,40.3,949,50500,359.0,566810903.75,2485906.0,6925.0,0.0245
3,FINNIFTY,2025-01-08,2025-01-28,2025-01-15,wpe_long,22600,243.75,26177,51900,14769.0,14960172741.25,414741844.0,28082.0,0.0001
3,FINNIFTY,2025-01-08,2025-01-28,2025-01-16,ce_short,23700,81.95,5213,63150,2892.0,3099852117.5,27768348.0,9602.0,0.0027
3,FINNIFTY,2025-01-08,2025-01-28,2025-01-16,pe_short,22750,191.6,4222,22850,2322.0,2421369038.75,52580788.0,22645.0,0.0009
3,FINNIFTY,2025-01-08,2025-01-28,2025-01-16,wce_long,23850,61.25,1121,46550,768.0,670172475.0,4462981.0,5811.0,0.0136
3,FINNIFTY,2025-01-08,2025-01-28,2025-01-16,wpe_long,22600,144.45,9360,48425,5432.0,5322142492.5,87883380.0,16179.0,0.0004
3,FINNIFTY,2025-01-08,2025-01-28,2025-01-17,ce_short,23700,40.45,8431,52525,3706.0,5004720025.0,22167207.0,5981.0,0.0033
3,FINNIFTY,2025-01-08,2025-01-28,2025-01-17,pe_short,22750,333.75,12407,26050,6763.0,7150841481.25,269154356.0,39798.0,0.0002
3,FINNIFTY,2025-01-08,2025-01-28,2025-01-17,wce_long,23850,30.35,1468,38975,522.0,876465310.0,2895997.0,5548.0,0.021
3,FINNIFTY,2025-01-08,2025-01-28,2025-01-17,wpe_long,22600,261.7,26038,52100,15357.0,14887660521.25,442919399.0,28842.0,0.0001
3,FINNIFTY,2025-01-08,2025-01-28,2025-01-20,ce_short,23700,66.65,5946,39450,2976.0,3532255185.0,25759559.0,8656.0,0.0029
3,FINNIFTY,2025-01-08,2025-01-28,2025-01-20,pe_short,22750,181.15,13578,33650,7690.0,7801874103.75,159877556.0,20790.0,0.0003
3,FINNIFTY,2025-01-08,2025-01-28,2025-01-20,wce_long,23850,48.15,1715,34825,814.0,1024636067.5,5367521.0,6594.0,0.0113
3,FINNIFTY,2025-01-08,2025-01-28,2025-01-20,wpe_long,22600,135.25,11315,60750,6526.0,6443033315.0,99472994.0,15243.0,0.0004
3,FINNIFTY,2025-01-08,2025-01-28,2025-01-21,ce_short,23700,32.55,6344,44350,2811.0,3765849423.75,13422318.0,4775.0,0.0055
3,FINNIFTY,2025-01-08,2025-01-28,2025-01-21,pe_short,22750,343.0,15604,23150,9013.0,8984493898.75,347891180.0,38599.0,0.0001
3,FINNIFTY,2025-01-08,2025-01-28,2025-01-21,wce_long,23850,24.35,1227,29875,603.0,732599592.5,1942034.0,3221.0,0.0313
3,FINNIFTY,2025-01-08,2025-01-28,2025-01-21,wpe_long,22600,266.1,21243,62675,13914.0,12128703811.25,367429550.0,26407.0,0.0001
3,FINNIFTY,2025-01-08,2025-01-28,2025-01-22,ce_short,23700,23.0,8562,83300,3915.0,5078603947.5,12800190.0,3270.0,0.0058
3,FINNIFTY,2025-01-08,2025-01-28,2025-01-22,pe_short,22750,256.65,4071,25075,2537.0,2348962187.5,67913440.0,26769.0,0.0007
3,FINNIFTY,2025-01-08,2025-01-28,2025-01-22,wce_long,23850,16.45,936,24175,395.0,558504671.25,1000818.0,2534.0,0.0607
3,FINNIFTY,2025-01-08,2025-01-28,2025-01-22,wpe_long,22600,186.8,39787,72900,22623.0,22751274048.75,483093754.0,21354.0,0.0001
3,FINNIFTY,2025-01-08,2025-01-28,2025-01-23,ce_short,23700,12.3,21166,132425,7856.0,12549732236.25,16922217.0,2154.0,0.0044
3,FINNIFTY,2025-01-08,2025-01-28,2025-01-23,pe_short,22750,257.0,7457,19075,4385.0,4290373368.75,124569185.0,28408.0,0.0004
3,FINNIFTY,2025-01-08,2025-01-28,2025-01-23,wce_long,23850,8.45,1830,28800,750.0,1091694102.5,1005127.0,1340.0,0.0605
3,FINNIFTY,2025-01-08,2025-01-28,2025-01-23,wpe_long,22600,182.55,55804,107775,28672.0,31804317443.75,662156313.0,23094.0,0.0001
3,FINNIFTY,2025-01-08,2025-01-28,2025-01-24,ce_short,23700,4.95,30154,111350,9598.0,17871672662.5,9702050.0,1011.0,0.0076
3,FINNIFTY,2025-01-08,2025-01-28,2025-01-24,pe_short,22750,334.5,11322,20000,7131.0,6510818332.5,246168585.0,34521.0,0.0002
3,FINNIFTY,2025-01-08,2025-01-28,2025-01-24,wce_long,23850,3.8,2874,27600,898.0,1713999742.5,709878.0,791.0,0.0856
3,FINNIFTY,2025-01-08,2025-01-28,2025-01-24,wpe_long,22600,242.45,98553,82650,53148.0,56193598593.75,1553121365.0,29223.0,0.0
3,FINNIFTY,2025-01-08,2025-01-28,2025-01-27,ce_short,23700,2.6,16683,176800,4633.0,9885892846.25,2819427.0,609.0,0.0262
3,FINNIFTY,2025-01-08,2025-01-28,2025-01-27,pe_short,22750,414.3,669,19150,343.0,387052802.5,18015836.0,52524.0,0.0027
3,FINNIFTY,2025-01-08,2025-01-28,2025-01-27,wce_long,23850,2.35,1626,30675,287.0,969605607.5,248372.0,865.0,0.2448
3,FINNIFTY,2025-01-08,2025-01-28,2025-01-27,wpe_long,22600,307.4,21525,60625,10573.0,12320395295.0,430091025.0,40678.0,0.0001
3,FINNIFTY,2025-01-08,2025-01-28,2025-01-28,ce_short,23700,3.3,82427,273875,18759.0,48847822372.5,17680592.0,943.0,0.0042
3,FINNIFTY,2025-01-08,2025-01-28,2025-01-28,pe_short,22750,144.45,73309,76850,39430.0,41963437150.0,688316528.0,17457.0,0.0001
3,FINNIFTY,2025-01-08,2025-01-28,2025-01-28,wce_long,23850,2.1,7993,41875,3148.0,4766405276.25,1091044.0,347.0,0.0557
3,FINNIFTY,2025-01-08,2025-01-28,2025-01-28,wpe_long,22600,84.65,164708,134550,87704.0,93512076236.25,906264593.0,10333.0,0.0
4,FINNIFTY,2025-02-10,2025-02-25,2025-02-10,ce_short,23850,172.3,1585,32175,1156.0,2479768625.75,17751208.0,15356.0,0.0031
4,FINNIFTY,2025-02-10,2025-02-25,2025-02-10,pe_short,22950,148.45,1913,59540,1248.0,2880874122.75,18459015.0,14791.0,0.0026
4,FINNIFTY,2025-02-10,2025-02-25,2025-02-10,wce_long,24000,141.4,3063,62660,1851.0,4806367634.25,28152033.0,15209.0,0.0017
4,FINNIFTY,2025-02-10,2025-02-25,2025-02-10,wpe_long,22800,104.8,404,22490,282.0,601865140.5,2752048.0,9759.0,0.0126
4,FINNIFTY,2025-02-10,2025-02-25,2025-02-11,ce_short,23850,89.45,759,27560,526.0,1184159483.0,4413016.0,8390.0,0.0124
4,FINNIFTY,2025-02-10,2025-02-25,2025-02-11,pe_short,22950,237.3,7504,69875,4828.0,11335421535.75,115745448.0,23974.0,0.0004
4,FINNIFTY,2025-02-10,2025-02-25,2025-02-11,wce_long,24000,72.6,4271,67535,2728.0,6684230923.5,20154849.0,7388.0,0.0023
4,FINNIFTY,2025-02-10,2025-02-25,2025-02-11,wpe_long,22800,171.5,1073,19370,786.0,1602327363.0,11961268.0,15218.0,0.0029
4,FINNIFTY,2025-02-10,2025-02-25,2025-02-12,ce_short,23850,98.4,741,30160,524.0,1155653268.25,4739436.0,9045.0,0.0116
4,FINNIFTY,2025-02-10,2025-02-25,2025-02-12,pe_short,22950,194.0,18903,89700,12302.0,28572376374.75,238366830.0,19376.0,0.0002
4,FINNIFTY,2025-02-10,2025-02-25,2025-02-12,wce_long,24000,79.1,5161,62205,2852.0,8074753693.5,26535281.0,9304.0,0.0018
4,FINNIFTY,2025-02-10,2025-02-25,2025-02-12,wpe_long,22800,137.45,4837,24440,3446.0,7233739890.0,43214967.0,12541.0,0.0008
4,FINNIFTY,2025-02-10,2025-02-25,2025-02-13,ce_short,23850,104.75,1096,34385,856.0,1711867254.5,7462390.0,8718.0,0.0074
4,FINNIFTY,2025-02-10,2025-02-25,2025-02-13,pe_short,22950,166.2,6739,63440,4324.0,10141590605.25,72801417.0,16837.0,0.0006
4,FINNIFTY,2025-02-10,2025-02-25,2025-02-13,wce_long,24000,83.55,3960,67210,2491.0,6204686124.0,21505770.0,8633.0,0.0022
4,FINNIFTY,2025-02-10,2025-02-25,2025-02-13,wpe_long,22800,114.85,1645,27105,1121.0,2449163574.0,12280336.0,10955.0,0.0028
4,FINNIFTY,2025-02-10,2025-02-25,2025-02-14,ce_short,23850,83.35,975,29575,677.0,1520051185.25,5282306.0,7803.0,0.0104
4,FINNIFTY,2025-02-10,2025-02-25,2025-02-14,pe_short,22950,180.5,12238,121095,7398.0,18457280351.25,143582335.0,19408.0,0.0003
4,FINNIFTY,2025-02-10,2025-02-25,2025-02-14,wce_long,24000,65.65,2630,67860,1584.0,4114509054.5,11222868.0,7085.0,0.0042
4,FINNIFTY,2025-02-10,2025-02-25,2025-02-14,wpe_long,22800,122.3,1893,26455,1385.0,2823183457.25,15048404.0,10865.0,0.0023
4,FINNIFTY,2025-02-10,2025-02-25,2025-02-17,ce_short,23850,86.15,855,52195,693.0,1332087302.0,4787786.0,6909.0,0.0115
4,FINNIFTY,2025-02-10,2025-02-25,2025-02-17,pe_short,22950,147.95,17039,80015,11906.0,25711731691.75,163859803.0,13763.0,0.0003
4,FINNIFTY,2025-02-10,2025-02-25,2025-02-17,wce_long,24000,63.8,6895,181155,3939.0,10779170262.25,28593565.0,7259.0,0.0016
4,FINNIFTY,2025-02-10,2025-02-25,2025-02-17,wpe_long,22800,97.3,2280,25740,1754.0,3401478652.0,14419860.0,8221.0,0.0024
4,FINNIFTY,2025-02-10,2025-02-25,2025-02-18,ce_short,23850,68.15,1178,64740,721.0,1835200633.5,5218246.0,7238.0,0.0105
4,FINNIFTY,2025-02-10,2025-02-25,2025-02-18,pe_short,22950,138.8,8128,92560,5300.0,12244749335.0,73330816.0,13836.0,0.0006
4,FINNIFTY,2025-02-10,2025-02-25,2025-02-18,wce_long,24000,48.5,6478,233285,3645.0,10126083659.25,20421895.0,5603.0,0.0023
4,FINNIFTY,2025-02-10,2025-02-25,2025-02-18,wpe_long,22800,91.45,2210,32825,1603.0,3291765373.0,13136792.0,8195.0,0.0026
4,FINNIFTY,2025-02-10,2025-02-25,2025-02-19,ce_short,23850,73.6,4992,115830,3688.0,7780777108.0,23881728.0,6476.0,0.0023
4,FINNIFTY,2025-02-10,2025-02-25,2025-02-19,pe_short,22950,81.75,14516,115310,10252.0,21794772795.25,77134395.0,7524.0,0.0006
4,FINNIFTY,2025-02-10,2025-02-25,2025-02-19,wce_long,24000,50.95,20970,392600,11194.0,32783975643.25,69447398.0,6204.0,0.0007
4,FINNIFTY,2025-02-10,2025-02-25,2025-02-19,wpe_long,22800,48.25,2491,34580,1657.0,3702001286.75,7812399.0,4715.0,0.0044
4,FINNIFTY,2025-02-10,2025-02-25,2025-02-20,ce_short,23850,31.0,4869,84890,3205.0,7575791726.75,9811035.0,3061.0,0.0056
4,FINNIFTY,2025-02-10,2025-02-25,2025-02-20,pe_short,22950,84.5,9236,119795,6643.0,13865597619.25,50728730.0,7636.0,0.0009
4,FINNIFTY,2025-02-10,2025-02-25,2025-02-20,wce_long,24000,19.85,13021,341510,8708.0,20334796898.0,16800345.0,1929.0,0.0028
4,FINNIFTY,2025-02-10,2025-02-25,2025-02-20,wpe_long,22800,46.25,2919,39975,1868.0,4336094811.75,8775244.0,4698.0,0.004
4,FINNIFTY,2025-02-10,2025-02-25,2025-02-21,ce_short,23850,10.45,8318,96785,5642.0,12928516906.5,5650002.0,1001.0,0.0097
4,FINNIFTY,2025-02-10,2025-02-25,2025-02-21,pe_short,22950,97.15,37991,119860,25515.0,57095762119.5,239903667.0,9402.0,0.0002
4,FINNIFTY,2025-02-10,2025-02-25,2025-02-21,wce_long,24000,5.85,29497,446810,17827.0,46030303231.25,11216234.0,629.0,0.0042
4,FINNIFTY,2025-02-10,2025-02-25,2025-02-21,wpe_long,22800,49.2,8375,43160,6636.0,12447445393.5,26783250.0,4036.0,0.0013
4,FINNIFTY,2025-02-10,2025-02-25,2025-02-24,ce_short,23850,2.7,15389,204945,9849.0,23909986109.75,2700770.0,274.0,0.0203
4,FINNIFTY,2025-02-10,2025-02-25,2025-02-24,pe_short,22950,101.7,37178,126100,24074.0,55924929700.25,245765169.0,10209.0,0.0002
4,FINNIFTY,2025-02-10,2025-02-25,2025-02-24,wce_long,24000,1.95,16046,317850,7698.0,25034162741.25,2033830.0,264.0,0.023
4,FINNIFTY,2025-02-10,2025-02-25,2025-02-24,wpe_long,22800,44.05,23210,67535,17117.0,34510542998.75,66456032.0,3882.0,0.0005
4,FINNIFTY,2025-02-10,2025-02-25,2025-02-25,ce_short,23850,1.5,9085,95290,4434.0,14114793533.75,885788.0,200.0,0.062
4,FINNIFTY,2025-02-10,2025-02-25,2025-02-25,pe_short,22950,41.8,71856,194675,44284.0,107676825499.75,195232752.0,4409.0,0.0002
4,FINNIFTY,2025-02-10,2025-02-25,2025-02-25,wce_long,24000,1.4,13563,228215,6479.0,21160001616.0,1234233.0,190.0,0.038
4,FINNIFTY,2025-02-10,2025-02-25,2025-02-25,wpe_long,22800,12.9,29259,132405,20630.0,43397601819.0,24533672.0,1189.0,0.0014
5,FINNIFTY,2025-03-10,2025-03-25,2025-03-10,ce_short,23500,135.8,13471,148850,10081.0,20748022847.5,118908517.0,11795.0,0.0004
5,FINNIFTY,2025-03-10,2025-03-25,2025-03-10,pe_short,22600,132.05,1817,106925,909.0,2681833079.25,15595765.0,17157.0,0.0027
5,FINNIFTY,2025-03-10,2025-03-25,2025-03-10,wce_long,23650,105.55,652,19110,525.0,1006656335.75,4473209.0,8520.0,0.0078
5,FINNIFTY,2025-03-10,2025-03-25,2025-03-10,wpe_long,22450,107.8,1072,66040,746.0,1574564218.5,7511504.0,10069.0,0.0048
5,FINNIFTY,2025-03-10,2025-03-25,2025-03-11,ce_short,23500,184.1,6643,145665,4946.0,10216969009.0,79493460.0,16072.0,0.0005
5,FINNIFTY,2025-03-10,2025-03-25,2025-03-11,pe_short,22600,98.15,1654,107055,1277.0,2441740577.25,10552106.0,8263.0,0.004
5,FINNIFTY,2025-03-10,2025-03-25,2025-03-11,wce_long,23650,143.95,1330,30160,978.0,2051544592.5,12444477.0,12724.0,0.0028
5,FINNIFTY,2025-03-10,2025-03-25,2025-03-11,wpe_long,22450,82.55,3350,96200,2444.0,4920005792.0,17975262.0,7355.0,0.002
5,FINNIFTY,2025-03-10,2025-03-25,2025-03-12,ce_short,23500,214.7,7129,115765,4968.0,10985259096.5,99488760.0,20026.0,0.0004
5,FINNIFTY,2025-03-10,2025-03-25,2025-03-12,pe_short,22600,63.2,1072,92755,739.0,1579919454.75,4403776.0,5959.0,0.0096
5,FINNIFTY,2025-03-10,2025-03-25,2025-03-12,wce_long,23650,171.05,1235,31265,967.0,1907501033.75,13731039.0,14200.0,0.0025
5,FINNIFTY,2025-03-10,2025-03-25,2025-03-12,wpe_long,22450,51.25,4954,95615,2765.0,7265023155.0,16503012.0,5969.0,0.0022
5,FINNIFTY,2025-03-10,2025-03-25,2025-03-13,ce_short,23500,166.1,5882,134940,4291.0,9060853168.25,63505013.0,14800.0,0.0007
5,FINNIFTY,2025-03-10,2025-03-25,2025-03-13,pe_short,22600,57.65,662,102440,427.0,974858316.25,2480680.0,5810.0,0.017
5,FINNIFTY,2025-03-10,2025-03-25,2025-03-13,wce_long,23650,126.55,1261,37050,1010.0,1946804863.25,10372671.0,10270.0,0.0034
5,FINNIFTY,2025-03-10,2025-03-25,2025-03-13,wpe_long,22450,45.85,3156,100555,1796.0,4624642067.5,9405669.0,5237.0,0.0038
5,FINNIFTY,2025-03-10,2025-03-25,2025-03-17,ce_short,23500,259.8,10719,107640,7693.0,16546903129.25,181011753.0,23529.0,0.0002
5,FINNIFTY,2025-03-10,2025-03-25,2025-03-17,pe_short,22600,21.35,2946,101855,1531.0,4333033731.0,4088312.0,2670.0,0.0103
5,FINNIFTY,2025-03-10,2025-03-25,2025-03-17,wce_long,23650,205.85,4150,51675,3161.0,6420066802.5,55528038.0,17567.0,0.0006
5,FINNIFTY,2025-03-10,2025-03-25,2025-03-17,wpe_long,22450,17.25,7792,150215,4178.0,11406729356.75,8736780.0,2091.0,0.0041
5,FINNIFTY,2025-03-10,2025-03-25,2025-03-18,ce_short,23500,549.2,2490,80275,1781.0,3874358595.25,88888020.0,49909.0,0.0005
5,FINNIFTY,2025-03-10,2025-03-25,2025-03-18,pe_short,22600,7.35,3920,107705,2186.0,5761006605.25,1872780.0,857.0,0.0225
5,FINNIFTY,2025-03-10,2025-03-25,2025-03-18,wce_long,23650,464.1,1661,47190,1059.0,2584669392.5,50106556.0,47315.0,0.0007
5,FINNIFTY,2025-03-10,2025-03-25,2025-03-18,wpe_long,22450,6.15,7700,146705,4261.0,11265293559.0,3078075.0,722.0,0.0116
5,FINNIFTY,2025-03-10,2025-03-25,2025-03-19,ce_short,23500,708.05,415,89765,358.0,652740946.0,19099649.0,53351.0,0.0023
5,FINNIFTY,2025-03-10,2025-03-25,2025-03-19,pe_short,22600,4.15,2887,78650,1597.0,4241819195.25,778768.0,488.0,0.054
5,FINNIFTY,2025-03-10,2025-03-25,2025-03-19,wce_long,23650,625.1,120,45825,93.0,188521339.5,4875780.0,52428.0,0.0072
5,FINNIFTY,2025-03-10,2025-03-25,2025-03-19,wpe_long,22450,3.8,4257,100815,1573.0,6226902396.0,1051479.0,668.0,0.034
5,FINNIFTY,2025-03-10,2025-03-25,2025-03-20,ce_short,23500,844.45,295,85865,175.0,466287584.75,16192329.0,92528.0,0.0027
5,FINNIFTY,2025-03-10,2025-03-25,2025-03-20,pe_short,22600,3.0,1322,87360,754.0,1942299531.25,257790.0,342.0,0.1631
5,FINNIFTY,2025-03-10,2025-03-25,2025-03-20,wce_long,23650,750.65,32,43940,24.0,50539492.25,1561352.0,65056.0,0.0224
5,FINNIFTY,2025-03-10,2025-03-25,2025-03-20,wpe_long,22450,2.75,1879,85280,843.0,2748399520.75,335871.0,398.0,0.1064
5,FINNIFTY,2025-03-10,2025-03-25,2025-03-21,ce_short,23500,1061.35,216,75010,154.0,344525132.25,14901354.0,96762.0,0.0029
5,FINNIFTY,2025-03-10,2025-03-25,2025-03-21,pe_short,22600,2.95,2276,76700,1167.0,3343872668.5,436423.0,374.0,0.0964
5,FINNIFTY,2025-03-10,2025-03-25,2025-03-21,wce_long,23650,953.8,318,39325,129.0,507213772.0,19715046.0,152830.0,0.0018
5,FINNIFTY,2025-03-10,2025-03-25,2025-03-21,wpe_long,22450,2.8,3326,95745,1527.0,4864853103.5,605332.0,396.0,0.059
5,FINNIFTY,2025-03-10,2025-03-25,2025-03-24,ce_short,23500,1596.95,151,69485,109.0,244294547.25,15674064.0,143799.0,0.0028
5,FINNIFTY,2025-03-10,2025-03-25,2025-03-24,pe_short,22600,3.15,1455,72410,719.0,2137676151.0,297911.0,414.0,0.1412
5,FINNIFTY,2025-03-10,2025-03-25,2025-03-24,wce_long,23650,1460.25,44,37115,29.0,71632717.0,4176315.0,144011.0,0.0084
5,FINNIFTY,2025-03-10,2025-03-25,2025-03-24,wpe_long,22450,2.75,1784,96720,895.0,2609388005.25,318890.0,356.0,0.1121
6,FINNIFTY,2025-04-08,2025-04-24,2025-04-08,ce_short,24800,279.95,798,34580,597.0,1299802682.75,14521006.0,24323.0,0.0061
6,FINNIFTY,2025-04-08,2025-04-24,2025-04-08,pe_short,23800,248.6,842,37050,709.0,1317439412.25,13605878.0,19190.0,0.0058
6,FINNIFTY,2025-04-08,2025-04-24,2025-04-08,wce_long,24950,221.7,123,12870,90.0,201077503.25,1772492.0,19694.0,0.0415
6,FINNIFTY,2025-04-08,2025-04-24,2025-04-08,wpe_long,23650,212.2,226,6175,178.0,350769675.75,3117218.0,17512.0,0.0226
6,FINNIFTY,2025-04-08,2025-04-24,2025-04-09,ce_short,24800,203.4,673,33995,506.0,1093920259.25,8897733.0,17584.0,0.01
6,FINNIFTY,2025-04-08,2025-04-24,2025-04-09,pe_short,23800,292.6,808,43615,574.0,1265854593.25,15367352.0,26772.0,0.0052
6,FINNIFTY,2025-04-08,2025-04-24,2025-04-09,wce_long,24950,155.0,261,13585,164.0,425974298.75,2629575.0,16034.0,0.0279
6,FINNIFTY,2025-04-08,2025-04-24,2025-04-09,wpe_long,23650,256.0,312,11635,178.0,484760828.5,5191680.0,29167.0,0.0135
6,FINNIFTY,2025-04-08,2025-04-24,2025-04-11,ce_short,24800,291.95,1372,29900,1124.0,2238746012.75,26036101.0,23164.0,0.0034
6,FINNIFTY,2025-04-08,2025-04-24,2025-04-11,pe_short,23800,148.05,814,33735,449.0,1266813993.25,7833326.0,17446.0,0.0101
6,FINNIFTY,2025-04-08,2025-04-24,2025-04-11,wce_long,24950,232.2,284,15405,197.0,464942240.75,4286412.0,21758.0,0.0171
6,FINNIFTY,2025-04-08,2025-04-24,2025-04-11,wpe_long,23650,123.95,150,12155,132.0,231798986.25,1208512.0,9155.0,0.0582
6,FINNIFTY,2025-04-08,2025-04-24,2025-04-15,ce_short,24800,606.6,407,27495,320.0,669865755.0,16047603.0,50149.0,0.0056
6,FINNIFTY,2025-04-08,2025-04-24,2025-04-15,pe_short,23800,29.4,567,28340,273.0,878369609.0,1083537.0,3969.0,0.0731
6,FINNIFTY,2025-04-08,2025-04-24,2025-04-15,wce_long,24950,476.6,141,12805,97.0,232722477.0,4368039.0,45031.0,0.0168
6,FINNIFTY,2025-04-08,2025-04-24,2025-04-15,wpe_long,23650,26.15,72,12610,40.0,110819033.0,122382.0,3060.0,0.5748
6,FINNIFTY,2025-04-08,2025-04-24,2025-04-16,ce_short,24800,737.85,115,26325,65.0,190337563.0,5515429.0,84853.0,0.0162
6,FINNIFTY,2025-04-08,2025-04-24,2025-04-16,pe_short,23800,18.6,678,37960,234.0,1049713691.0,819702.0,3503.0,0.0966
6,FINNIFTY,2025-04-08,2025-04-24,2025-04-16,wce_long,24950,616.0,59,12805,38.0,97697076.75,2362360.0,62167.0,0.0311
6,FINNIFTY,2025-04-08,2025-04-24,2025-04-16,wpe_long,23650,15.7,16,12805,12.0,24612744.0,16328.0,1361.0,4.3082
6,FINNIFTY,2025-04-08,2025-04-24,2025-04-17,ce_short,24800,1270.35,24,25870,22.0,40303659.5,1981746.0,90079.0,0.045
6,FINNIFTY,2025-04-08,2025-04-24,2025-04-17,pe_short,23800,13.15,1436,50180,581.0,2222890627.75,1227421.0,2113.0,0.0645
6,FINNIFTY,2025-04-08,2025-04-24,2025-04-17,wce_long,24950,1139.9,16,12675,15.0,26956013.5,1185496.0,79033.0,0.062
6,FINNIFTY,2025-04-08,2025-04-24,2025-04-17,wpe_long,23650,11.6,211,11570,121.0,324541545.25,159094.0,1315.0,0.4422
6,FINNIFTY,2025-04-08,2025-04-24,2025-04-21,ce_short,24800,1666.9,12,25610,11.0,20633746.25,1300182.0,118198.0,0.0686
6,FINNIFTY,2025-04-08,2025-04-24,2025-04-21,pe_short,23800,4.35,2102,26455,750.0,3252316002.0,594340.0,792.0,0.1332
6,FINNIFTY,2025-04-08,2025-04-24,2025-04-21,wce_long,24950,1492.95,13,12610,6.0,22344721.75,1261543.0,210257.0,0.0583
6,FINNIFTY,2025-04-08,2025-04-24,2025-04-21,wpe_long,23650,3.55,40,11050,22.0,61499486.75,9230.0,420.0,7.6213
6,FINNIFTY,2025-04-08,2025-04-24,2025-04-22,ce_short,24800,1847.35,6,25545,6.0,10384985.0,720466.0,120078.0,0.1238
6,FINNIFTY,2025-04-08,2025-04-24,2025-04-22,pe_short,23800,2.45,375,21905,163.0,580214732.5,59719.0,366.0,1.3259
6,FINNIFTY,2025-04-08,2025-04-24,2025-04-22,wce_long,24950,1723.95,3,12545,3.0,5201410.5,336170.0,112057.0,0.2186
6,FINNIFTY,2025-04-08,2025-04-24,2025-04-22,wpe_long,23650,1.8,472,9815,105.0,725695301.5,55224.0,526.0,1.2738
6,FINNIFTY,2025-04-08,2025-04-24,2025-04-23,ce_short,24800,1655.05,25,24375,17.0,43014084.75,2689456.0,158203.0,0.0332
6,FINNIFTY,2025-04-08,2025-04-24,2025-04-23,pe_short,23800,2.4,518,12805,163.0,801419248.5,80808.0,496.0,0.9798
6,FINNIFTY,2025-04-08,2025-04-24,2025-04-23,wce_long,24950,1465.0,3,12350,3.0,5150866.5,285675.0,95225.0,0.2573
6,FINNIFTY,2025-04-08,2025-04-24,2025-04-23,wpe_long,23650,1.35,144,8515,41.0,221377627.25,12636.0,308.0,5.567
6,FINNIFTY,2025-04-08,2025-04-24,2025-04-24,ce_short,24800,1655.05,0,24375,,,,,
6,FINNIFTY,2025-04-08,2025-04-24,2025-04-24,pe_short,23800,0.2,496,12090,307.0,767337285.0,6448.0,21.0,12.2796
6,FINNIFTY,2025-04-08,2025-04-24,2025-04-24,wce_long,24950,1465.0,0,12350,,,,,
6,FINNIFTY,2025-04-08,2025-04-24,2025-04-24,wpe_long,23650,0.5,1445,19370,434.0,2221371009.0,46962.0,108.0,1.4979
7,FINNIFTY,2025-05-08,2025-05-29,2025-05-08,ce_short,26500,235.35,1864,73125,1551.0,3244975747.0,28515006.0,18385.0,0.0026
7,FINNIFTY,2025-05-08,2025-05-29,2025-05-08,pe_short,25450,304.05,32,1040,23.0,53351626.25,632424.0,27497.0,0.1531
7,FINNIFTY,2025-05-08,2025-05-29,2025-05-08,wce_long,26650,204.05,57,2145,42.0,99574393.75,756005.0,18000.0,0.0895
7,FINNIFTY,2025-05-08,2025-05-29,2025-05-08,wpe_long,25300,273.55,456,11700,372.0,755488591.0,8108022.0,21796.0,0.0112
7,FINNIFTY,2025-05-08,2025-05-29,2025-05-09,ce_short,26500,128.9,2505,122980,1786.0,4338839956.75,20988142.0,11751.0,0.0036
7,FINNIFTY,2025-05-08,2025-05-29,2025-05-09,pe_short,25450,433.75,303,2860,270.0,510023861.75,8542706.0,31640.0,0.0113
7,FINNIFTY,2025-05-08,2025-05-29,2025-05-09,wce_long,26650,99.95,146,3120,89.0,254043032.75,948526.0,10658.0,0.0713
7,FINNIFTY,2025-05-08,2025-05-29,2025-05-09,wpe_long,25300,380.0,496,12870,395.0,827864557.0,12251200.0,31016.0,0.0074
7,FINNIFTY,2025-05-08,2025-05-29,2025-05-12,ce_short,26500,428.6,4678,82940,3506.0,8164891013.5,130324402.0,37172.0,0.0006
7,FINNIFTY,2025-05-08,2025-05-29,2025-05-12,pe_short,25450,97.05,89,1495,62.0,147864265.25,561434.0,9055.0,0.1725
7,FINNIFTY,2025-05-08,2025-05-29,2025-05-12,wce_long,26650,344.3,270,3510,210.0,472955999.75,6042465.0,28774.0,0.0112
7,FINNIFTY,2025-05-08,2025-05-29,2025-05-12,wpe_long,25300,80.55,428,10140,349.0,706546200.75,2240901.0,6421.0,0.0405
7,FINNIFTY,2025-05-08,2025-05-29,2025-05-13,ce_short,26500,260.15,3196,98085,2609.0,5572185040.5,54043561.0,20714.0,0.0014
7,FINNIFTY,2025-05-08,2025-05-29,2025-05-13,pe_short,25450,114.55,47,1885,37.0,78100204.0,349950.0,9458.0,0.2767
7,FINNIFTY,2025-05-08,2025-05-29,2025-05-13,wce_long,26650,201.05,68,4030,60.0,118882780.25,888641.0,14811.0,0.0761
7,FINNIFTY,2025-05-08,2025-05-29,2025-05-13,wpe_long,25300,95.25,180,9360,159.0,297133271.5,1114425.0,7009.0,0.0814
7,FINNIFTY,2025-05-08,2025-05-29,2025-05-14,ce_short,26500,211.8,2452,99385,2003.0,4259263602.75,33756684.0,16853.0,0.0022
7,FINNIFTY,2025-05-08,2025-05-29,2025-05-14,pe_short,25450,114.1,49,2925,38.0,81440508.5,363408.0,9563.0,0.2665
7,FINNIFTY,2025-05-08,2025-05-29,2025-05-14,wce_long,26650,160.1,100,3250,83.0,174349467.5,1040650.0,12538.0,0.065
7,FINNIFTY,2025-05-08,2025-05-29,2025-05-14,wpe_long,25300,90.3,222,9425,199.0,366459973.75,1303029.0,6548.0,0.0696
7,FINNIFTY,2025-05-08,2025-05-29,2025-05-15,ce_short,26500,325.8,4675,88140,3659.0,8137142201.5,99002475.0,27057.0,0.0008
7,FINNIFTY,2025-05-08,2025-05-29,2025-05-15,pe_short,25450,67.15,41,2535,33.0,68089567.0,178955.0,5423.0,0.5411
7,FINNIFTY,2025-05-08,2025-05-29,2025-05-15,wce_long,26650,255.5,99,2795,89.0,172837073.5,1644142.0,18474.0,0.0411
7,FINNIFTY,2025-05-08,2025-05-29,2025-05-15,wpe_long,25300,52.95,201,9100,193.0,331552182.0,691792.0,3584.0,0.1311
7,FINNIFTY,2025-05-08,2025-05-29,2025-05-16,ce_short,26500,327.6,5716,103740,4500.0,9970348440.0,121716504.0,27048.0,0.0006
7,FINNIFTY,2025-05-08,2025-05-29,2025-05-16,pe_short,25450,50.2,72,2405,35.0,119352483.25,234936.0,6712.0,0.4122
7,FINNIFTY,2025-05-08,2025-05-29,2025-05-16,wce_long,26650,252.25,229,3120,188.0,400526623.25,3754741.0,19972.0,0.018
7,FINNIFTY,2025-05-08,2025-05-29,2025-05-16,wpe_long,25300,40.15,117,10010,115.0,192737948.0,305341.0,2655.0,0.297
7,FINNIFTY,2025-05-08,2025-05-29,2025-05-19,ce_short,26500,327.95,7972,124995,5871.0,13914904155.75,169937131.0,28945.0,0.0004
7,FINNIFTY,2025-05-08,2025-05-29,2025-05-19,pe_short,25450,45.9,38,2340,25.0,62967079.5,113373.0,4535.0,0.8542
7,FINNIFTY,2025-05-08,2025-05-29,2025-05-19,wce_long,26650,251.25,904,4810,672.0,1582903523.5,14763450.0,21969.0,0.0046
7,FINNIFTY,2025-05-08,2025-05-29,2025-05-19,wpe_long,25300,36.6,602,12870,289.0,991336674.25,1432158.0,4956.0,0.0633
7,FINNIFTY,2025-05-08,2025-05-29,2025-05-20,ce_short,26500,185.6,5764,101010,4384.0,10019003481.5,69536896.0,15862.0,0.0011
7,FINNIFTY,2025-05-08,2025-05-29,2025-05-20,pe_short,25450,56.45,31,2015,29.0,51385282.0,113747.0,3922.0,0.8514
7,FINNIFTY,2025-05-08,2025-05-29,2025-05-20,wce_long,26650,136.95,168,6760,116.0,292825471.25,1495494.0,12892.0,0.0452
7,FINNIFTY,2025-05-08,2025-05-29,2025-05-20,wpe_long,25300,39.25,168,13390,166.0,276714759.75,428610.0,2582.0,0.2116
7,FINNIFTY,2025-05-08,2025-05-29,2025-05-21,ce_short,26500,202.8,8019,98800,6788.0,13922008012.25,105706458.0,15573.0,0.0007
7,FINNIFTY,2025-05-08,2025-05-29,2025-05-21,pe_short,25450,40.0,4,2015,4.0,6628602.5,10400.0,2600.0,9.3115
7,FINNIFTY,2025-05-08,2025-05-29,2025-05-21,wce_long,26650,142.9,364,3965,266.0,634146438.25,3381014.0,12711.0,0.02
7,FINNIFTY,2025-05-08,2025-05-29,2025-05-21,wpe_long,25300,31.9,385,23335,212.0,633960236.0,798298.0,3766.0,0.1136
7,FINNIFTY,2025-05-08,2025-05-29,2025-05-22,ce_short,26500,141.45,7937,106600,6672.0,13737562384.0,72974762.0,10937.0,0.001
7,FINNIFTY,2025-05-08,2025-05-29,2025-05-22,pe_short,25450,33.0,63,2145,40.0,104385355.75,135135.0,3378.0,0.7166
7,FINNIFTY,2025-05-08,2025-05-29,2025-05-22,wce_long,26650,93.45,236,5460,193.0,410146932.0,1433523.0,7428.0,0.0472
7,FINNIFTY,2025-05-08,2025-05-29,2025-05-22,wpe_long,25300,24.8,290,24505,155.0,477495525.0,467480.0,3016.0,0.194
7,FINNIFTY,2025-05-08,2025-05-29,2025-05-23,ce_short,26500,254.45,16519,127920,13472.0,28689397122.75,273211871.0,20280.0,0.0003
7,FINNIFTY,2025-05-08,2025-05-29,2025-05-23,pe_short,25450,21.3,97,2275,58.0,160623430.5,134296.0,2315.0,0.7211
7,FINNIFTY,2025-05-08,2025-05-29,2025-05-23,wce_long,26650,180.45,1575,17160,1253.0,2743733170.75,18473569.0,14743.0,0.0037
7,FINNIFTY,2025-05-08,2025-05-29,2025-05-23,wpe_long,25300,16.75,2028,36205,1518.0,3337726681.25,2207985.0,1455.0,0.0411
7,FINNIFTY,2025-05-08,2025-05-29,2025-05-26,ce_short,26500,318.4,9447,122395,8153.0,16468938638.75,195515112.0,23981.0,0.0004
7,FINNIFTY,2025-05-08,2025-05-29,2025-05-26,pe_short,25450,13.6,125,2535,112.0,206904421.75,110500.0,987.0,0.8764
7,FINNIFTY,2025-05-08,2025-05-29,2025-05-26,wce_long,26650,236.65,3669,23920,3101.0,6414061007.25,56437475.0,18200.0,0.0012
7,FINNIFTY,2025-05-08,2025-05-29,2025-05-26,wpe_long,25300,10.2,2628,40690,1706.0,4323895832.75,1742364.0,1021.0,0.052
7,FINNIFTY,2025-05-08,2025-05-29,2025-05-27,ce_short,26500,219.85,15059,120770,12857.0,26184604975.75,215196875.0,16738.0,0.0003
7,FINNIFTY,2025-05-08,2025-05-29,2025-05-27,pe_short,25450,13.3,350,6305,196.0,579444625.5,302575.0,1544.0,0.3201
7,FINNIFTY,2025-05-08,2025-05-29,2025-05-27,wce_long,26650,155.75,2599,20150,2087.0,4535418735.25,26311626.0,12607.0,0.0026
7,FINNIFTY,2025-05-08,2025-05-29,2025-05-27,wpe_long,25300,9.15,3202,41535,2173.0,5268775235.75,1904390.0,876.0,0.0476
7,FINNIFTY,2025-05-08,2025-05-29,2025-05-28,ce_short,26500,116.9,43321,156390,31165.0,75056660854.5,329174618.0,10562.0,0.0002
7,FINNIFTY,2025-05-08,2025-05-29,2025-05-28,pe_short,25450,2.45,1184,5135,1028.0,1958898370.0,188552.0,183.0,0.5136
7,FINNIFTY,2025-05-08,2025-05-29,2025-05-28,wce_long,26650,62.5,6649,31655,4458.0,11558829857.25,27011562.0,6059.0,0.0025
7,FINNIFTY,2025-05-08,2025-05-29,2025-05-28,wpe_long,25300,1.9,4742,30680,2899.0,7799134521.75,585637.0,202.0,0.1548
7,FINNIFTY,2025-05-08,2025-05-29,2025-05-29,ce_short,26500,2.0,468768,530465,198422.0,807861687288.5,60939840.0,307.0,0.0012
7,FINNIFTY,2025-05-08,2025-05-29,2025-05-29,pe_short,25450,0.3,3125,17290,1804.0,5169680178.0,60938.0,34.0,1.5892
7,FINNIFTY,2025-05-08,2025-05-29,2025-05-29,wce_long,26650,0.4,91576,83655,46327.0,158693735352.75,2380976.0,51.0,0.0284
7,FINNIFTY,2025-05-08,2025-05-29,2025-05-29,wpe_long,25300,0.2,4011,12545,2526.0,6596272481.5,52143.0,21.0,1.7391
8,FINNIFTY,2025-06-09,2025-06-26,2025-06-09,ce_short,27550,172.1,158,11440,109.0,284820513.25,1767467.0,16215.0,0.031
8,FINNIFTY,2025-06-09,2025-06-26,2025-06-09,pe_short,26450,153.15,182,7345,103.0,314758323.75,1811764.0,17590.0,0.0269
8,FINNIFTY,2025-06-09,2025-06-26,2025-06-09,wce_long,27700,134.4,388,10660,359.0,702320875.75,3389568.0,9442.0,0.0131
8,FINNIFTY,2025-06-09,2025-06-26,2025-06-09,wpe_long,26300,122.15,793,38545,610.0,1362067144.75,6296222.0,10322.0,0.0064
8,FINNIFTY,2025-06-09,2025-06-26,2025-06-10,ce_short,27550,111.85,176,7020,99.0,316918702.75,1279564.0,12925.0,0.0428
8,FINNIFTY,2025-06-09,2025-06-26,2025-06-10,pe_short,26450,157.75,308,16185,111.0,532747592.0,3158155.0,28452.0,0.0154
8,FINNIFTY,2025-06-09,2025-06-26,2025-06-10,wce_long,27700,83.2,371,9425,359.0,670336124.25,2006368.0,5589.0,0.0222
8,FINNIFTY,2025-06-09,2025-06-26,2025-06-10,wpe_long,26300,122.4,615,37440,568.0,1056517286.5,4892940.0,8614.0,0.0083
8,FINNIFTY,2025-06-09,2025-06-26,2025-06-11,ce_short,27550,91.75,118,6565,103.0,212080271.0,703722.0,6832.0,0.0779
8,FINNIFTY,2025-06-09,2025-06-26,2025-06-11,pe_short,26450,154.6,746,37245,422.0,1289557285.25,7496554.0,17764.0,0.0065
8,FINNIFTY,2025-06-09,2025-06-26,2025-06-11,wce_long,27700,66.65,272,7865,254.0,491050186.25,1178372.0,4639.0,0.0378
8,FINNIFTY,2025-06-09,2025-06-26,2025-06-11,wpe_long,26300,119.55,600,36725,504.0,1030109691.0,4662450.0,9251.0,0.0087
8,FINNIFTY,2025-06-09,2025-06-26,2025-06-12,ce_short,27550,55.6,75,6305,73.0,134659044.0,271050.0,3713.0,0.2022
8,FINNIFTY,2025-06-09,2025-06-26,2025-06-12,pe_short,26450,213.55,305,37895,236.0,527864603.5,4233629.0,17939.0,0.0115
8,FINNIFTY,2025-06-09,2025-06-26,2025-06-12,wce_long,27700,40.1,271,13975,269.0,488820182.5,706362.0,2626.0,0.0631
8,FINNIFTY,2025-06-09,2025-06-26,2025-06-12,wpe_long,26300,163.55,674,37830,572.0,1158149502.25,7165126.0,12526.0,0.0057
8,FINNIFTY,2025-06-09,2025-06-26,2025-06-13,ce_short,27550,29.2,49,7410,22.0,87832488.25,93002.0,4227.0,0.5894
8,FINNIFTY,2025-06-09,2025-06-26,2025-06-13,pe_short,26450,356.7,668,22425,313.0,1164946487.25,15487914.0,49482.0,0.0031
8,FINNIFTY,2025-06-09,2025-06-26,2025-06-13,wce_long,27700,23.15,1985,57460,1112.0,3576816285.25,2986929.0,2686.0,0.0149
8,FINNIFTY,2025-06-09,2025-06-26,2025-06-13,wpe_long,26300,278.65,3317,40690,2469.0,5732757221.75,60078333.0,24333.0,0.0007
8,FINNIFTY,2025-06-09,2025-06-26,2025-06-16,ce_short,27550,30.5,77,7670,51.0,138040561.75,152652.0,2993.0,0.3591
8,FINNIFTY,2025-06-09,2025-06-26,2025-06-16,pe_short,26450,198.55,1704,29965,1078.0,2955695440.75,21991398.0,20400.0,0.0022
8,FINNIFTY,2025-06-09,2025-06-26,2025-06-16,wce_long,27700,22.1,967,74295,515.0,1742364884.0,1389096.0,2697.0,0.0321
8,FINNIFTY,2025-06-09,2025-06-26,2025-06-16,wpe_long,26300,153.75,13643,79885,10154.0,23495081827.75,136344731.0,13428.0,0.0003
8,FINNIFTY,2025-06-09,2025-06-26,2025-06-17,ce_short,27550,19.25,43,6825,15.0,77066372.5,53804.0,3587.0,1.0188
8,FINNIFTY,2025-06-09,2025-06-26,2025-06-17,pe_short,26450,235.45,1764,42575,1087.0,3058717142.0,26996697.0,24836.0,0.0018
8,FINNIFTY,2025-06-09,2025-06-26,2025-06-17,wce_long,27700,14.05,696,71890,235.0,1253868453.5,635622.0,2705.0,0.0701
8,FINNIFTY,2025-06-09,2025-06-26,2025-06-17,wpe_long,26300,175.8,3586,59605,2654.0,6169535479.25,40977222.0,15440.0,0.001
8,FINNIFTY,2025-06-09,2025-06-26,2025-06-18,ce_short,27550,13.2,38,6240,33.0,68086824.0,32604.0,988.0,1.6812
8,FINNIFTY,2025-06-09,2025-06-26,2025-06-18,pe_short,26450,243.8,2438,38155,1392.0,4228984448.0,38634986.0,27755.0,0.0013
8,FINNIFTY,2025-06-09,2025-06-26,2025-06-18,wce_long,27700,9.4,899,71825,595.0,1619254565.5,549289.0,923.0,0.0811
8,FINNIFTY,2025-06-09,2025-06-26,2025-06-18,wpe_long,26300,176.8,3394,62530,2670.0,5842023385.25,39003848.0,14608.0,0.001
8,FINNIFTY,2025-06-09,2025-06-26,2025-06-19,ce_short,27550,8.4,144,8580,103.0,257957219.0,78624.0,763.0,0.6972
8,FINNIFTY,2025-06-09,2025-06-26,2025-06-19,pe_short,26450,275.7,2602,39065,1510.0,4512414549.5,46629141.0,30880.0,0.001
8,FINNIFTY,2025-06-09,2025-06-26,2025-06-19,wce_long,27700,6.4,2307,86710,1582.0,4154935398.25,959712.0,607.0,0.0464
8,FINNIFTY,2025-06-09,2025-06-26,2025-06-19,wpe_long,26300,198.9,5649,61750,4388.0,9722217956.75,73033096.0,16644.0,0.0006
8,FINNIFTY,2025-06-09,2025-06-26,2025-06-20,ce_short,27550,9.45,749,11115,714.0,1341712859.5,460073.0,644.0,0.1191
8,FINNIFTY,2025-06-09,2025-06-26,2025-06-20,pe_short,26450,104.7,4137,32890,2615.0,7148213956.0,28154354.0,10766.0,0.0017
8,FINNIFTY,2025-06-09,2025-06-26,2025-06-20,wce_long,27700,6.4,4505,63375,3037.0,8113173068.0,1874080.0,617.0,0.0238
8,FINNIFTY,2025-06-09,2025-06-26,2025-06-20,wpe_long,26300,72.75,15279,119795,11363.0,26211282958.25,72250571.0,6358.0,0.0006
8,FINNIFTY,2025-06-09,2025-06-26,2025-06-23,ce_short,27550,4.3,734,10985,635.0,1314635585.25,205153.0,323.0,0.2672
8,FINNIFTY,2025-06-09,2025-06-26,2025-06-23,pe_short,26450,106.25,9411,34385,6486.0,16259770137.0,64994719.0,10021.0,0.0008
8,FINNIFTY,2025-06-09,2025-06-26,2025-06-23,wce_long,27700,3.25,4214,114920,2757.0,7588240884.25,890208.0,323.0,0.05
8,FINNIFTY,2025-06-09,2025-06-26,2025-06-23,wpe_long,26300,68.25,17222,103090,13287.0,29543095718.5,76401098.0,5750.0,0.0005
8,FINNIFTY,2025-06-09,2025-06-26,2025-06-24,ce_short,27550,4.4,1568,20605,1153.0,2808778137.75,448448.0,389.0,0.1222
8,FINNIFTY,2025-06-09,2025-06-26,2025-06-24,pe_short,26450,34.6,3566,19825,2148.0,6138923362.0,8019934.0,3734.0,0.0061
8,FINNIFTY,2025-06-09,2025-06-26,2025-06-24,wce_long,27700,3.05,10175,127335,6862.0,18323889457.25,2017194.0,294.0,0.0221
8,FINNIFTY,2025-06-09,2025-06-26,2025-06-24,wpe_long,26300,19.5,6176,86320,4176.0,10566251488.0,7828080.0,1875.0,0.0052
8,FINNIFTY,2025-06-09,2025-06-26,2025-06-25,ce_short,27550,2.05,1810,38155,1254.0,3241549951.25,241182.0,192.0,0.2273
8,FINNIFTY,2025-06-09,2025-06-26,2025-06-25,pe_short,26450,9.35,4098,38285,3011.0,7049001183.25,2490560.0,827.0,0.0196
8,FINNIFTY,2025-06-09,2025-06-26,2025-06-25,wce_long,27700,1.55,10367,156975,5693.0,18666928494.5,1044475.0,183.0,0.0427
8,FINNIFTY,2025-06-09,2025-06-26,2025-06-25,wpe_long,26300,5.9,8372,120640,5098.0,14315833837.5,3210662.0,630.0,0.0126
8,FINNIFTY,2025-06-09,2025-06-26,2025-06-26,ce_short,27550,0.25,19972,49790,8917.0,35766409246.75,324545.0,36.0,0.1689
8,FINNIFTY,2025-06-09,2025-06-26,2025-06-26,pe_short,26450,0.2,9413,24245,4388.0,16184488840.0,122369.0,28.0,0.3986
8,FINNIFTY,2025-06-09,2025-06-26,2025-06-26,wce_long,27700,0.25,25599,41405,8027.0,46092374659.5,415984.0,52.0,0.1071
8,FINNIFTY,2025-06-09,2025-06-26,2025-06-26,wpe_long,26300,0.2,19691,78130,8422.0,33663315309.0,255983.0,30.0,0.1582
9,FINNIFTY,2025-07-10,2025-07-31,2025-07-10,ce_short,27500,154.15,2995,107900,2401.0,5386165443.75,30009151.0,12499.0,0.0016
9,FINNIFTY,2025-07-10,2025-07-31,2025-07-10,pe_short,26450,107.25,43,2795,32.0,74212927.75,299764.0,9368.0,0.114
9,FINNIFTY,2025-07-10,2025-07-31,2025-07-10,wce_long,27650,112.15,86,5265,66.0,155278786.0,626918.0,9499.0,0.0593
9,FINNIFTY,2025-07-10,2025-07-31,2025-07-10,wpe_long,26300,81.95,112,9165,98.0,192046227.75,596596.0,6088.0,0.0455
9,FINNIFTY,2025-07-10,2025-07-31,2025-07-11,ce_short,27500,102.45,2013,109785,1636.0,3613493594.75,13405070.0,8194.0,0.0037
9,FINNIFTY,2025-07-10,2025-07-31,2025-07-11,pe_short,26450,127.7,30,2860,24.0,51815211.5,249015.0,10376.0,0.1372
9,FINNIFTY,2025-07-10,2025-07-31,2025-07-11,wce_long,27650,74.15,59,4680,46.0,106358814.25,284365.0,6182.0,0.1307
9,FINNIFTY,2025-07-10,2025-07-31,2025-07-11,wpe_long,26300,95.2,457,25415,202.0,784133320.75,2827916.0,14000.0,0.0096
9,FINNIFTY,2025-07-10,2025-07-31,2025-07-14,ce_short,27500,84.05,2579,102700,2104.0,4623366410.0,14089722.0,6697.0,0.0035
9,FINNIFTY,2025-07-10,2025-07-31,2025-07-14,pe_short,26450,122.75,61,2860,45.0,105405829.75,486704.0,10816.0,0.0702
9,FINNIFTY,2025-07-10,2025-07-31,2025-07-14,wce_long,27650,59.55,37,4940,31.0,66633856.25,143218.0,4620.0,0.2596
9,FINNIFTY,2025-07-10,2025-07-31,2025-07-14,wpe_long,26300,91.05,410,32825,220.0,703568625.5,2426482.0,11029.0,0.0112
9,FINNIFTY,2025-07-10,2025-07-31,2025-07-15,ce_short,27500,93.05,3227,101725,2210.0,5788084155.75,19517703.0,8832.0,0.0025
9,FINNIFTY,2025-07-10,2025-07-31,2025-07-15,pe_short,26450,92.95,53,2925,44.0,91457466.75,320213.0,7278.0,0.1067
9,FINNIFTY,2025-07-10,2025-07-31,2025-07-15,wce_long,27650,66.05,104,5135,93.0,187354709.75,446498.0,4801.0,0.0833
9,FINNIFTY,2025-07-10,2025-07-31,2025-07-15,wpe_long,26300,62.3,283,23465,154.0,485042116.0,1146008.0,7442.0,0.0237
9,FINNIFTY,2025-07-10,2025-07-31,2025-07-16,ce_short,27500,77.15,4156,104780,3577.0,7449842760.75,20841301.0,5826.0,0.0024
9,FINNIFTY,2025-07-10,2025-07-31,2025-07-16,pe_short,26450,90.35,61,3120,45.0,105230908.25,358238.0,7961.0,0.0954
9,FINNIFTY,2025-07-10,2025-07-31,2025-07-16,wce_long,27650,54.5,65,5265,43.0,117059007.0,230262.0,5355.0,0.1615
9,FINNIFTY,2025-07-10,2025-07-31,2025-07-16,wpe_long,26300,64.8,131,24440,117.0,224498202.5,551772.0,4716.0,0.0492
9,FINNIFTY,2025-07-10,2025-07-31,2025-07-17,ce_short,27500,64.25,3668,93470,3112.0,6572791264.0,15318485.0,4922.0,0.0032
9,FINNIFTY,2025-07-10,2025-07-31,2025-07-17,pe_short,26450,104.65,56,3575,45.0,96636315.75,380926.0,8465.0,0.0897
9,FINNIFTY,2025-07-10,2025-07-31,2025-07-17,wce_long,27650,45.3,34,4745,27.0,61209733.0,100113.0,3708.0,0.3714
9,FINNIFTY,2025-07-10,2025-07-31,2025-07-17,wpe_long,26300,77.55,142,24635,130.0,243427086.5,715786.0,5506.0,0.038
9,FINNIFTY,2025-07-10,2025-07-31,2025-07-18,ce_short,27500,36.25,3660,102505,2834.0,6552821804.75,8623875.0,3043.0,0.0057
9,FINNIFTY,2025-07-10,2025-07-31,2025-07-18,pe_short,26450,185.4,654,4615,506.0,1132352396.5,7881354.0,15576.0,0.0043
9,FINNIFTY,2025-07-10,2025-07-31,2025-07-18,wce_long,27650,25.65,107,5980,66.0,192515202.75,178396.0,2703.0,0.2084
9,FINNIFTY,2025-07-10,2025-07-31,2025-07-18,wpe_long,26300,135.25,1392,69485,786.0,2390998821.25,12237420.0,15569.0,0.0022
9,FINNIFTY,2025-07-10,2025-07-31,2025-07-21,ce_short,27500,49.95,7451,105625,5328.0,13338616073.25,24191534.0,4540.0,0.002
9,FINNIFTY,2025-07-10,2025-07-31,2025-07-21,pe_short,26450,44.8,429,4030,312.0,739621103.0,1249248.0,4004.0,0.0273
9,FINNIFTY,2025-07-10,2025-07-31,2025-07-21,wce_long,27650,32.2,111,4745,78.0,199693370.5,232323.0,2979.0,0.16
9,FINNIFTY,2025-07-10,2025-07-31,2025-07-21,wpe_long,26300,30.35,2346,21060,1385.0,4017640952.0,4628072.0,3342.0,0.0059
9,FINNIFTY,2025-07-10,2025-07-31,2025-07-22,ce_short,27500,40.3,3762,93860,2641.0,6736994472.0,9854559.0,3731.0,0.005
9,FINNIFTY,2025-07-10,2025-07-31,2025-07-22,pe_short,26450,35.2,119,5265,91.0,204848120.75,272272.0,2992.0,0.1255
9,FINNIFTY,2025-07-10,2025-07-31,2025-07-22,wce_long,27650,24.9,346,16835,151.0,622629917.0,560001.0,3709.0,0.0664
9,FINNIFTY,2025-07-10,2025-07-31,2025-07-22,wpe_long,26300,23.75,200,17615,134.0,342190371.25,308750.0,2304.0,0.088
9,FINNIFTY,2025-07-10,2025-07-31,2025-07-23,ce_short,27500,69.2,7297,145210,5173.0,13069779957.0,32821906.0,6345.0,0.0015
9,FINNIFTY,2025-07-10,2025-07-31,2025-07-23,pe_short,26450,17.5,141,10660,131.0,242602083.75,160388.0,1224.0,0.213
9,FINNIFTY,2025-07-10,2025-07-31,2025-07-23,wce_long,27650,37.55,1084,57980,487.0,1950205494.25,2645773.0,5433.0,0.0141
9,FINNIFTY,2025-07-10,2025-07-31,2025-07-23,wpe_long,26300,11.9,748,28015,460.0,1279354693.5,578578.0,1258.0,0.047
9,FINNIFTY,2025-07-10,2025-07-31,2025-07-24,ce_short,27500,33.65,5852,113815,4333.0,10476982919.0,12799787.0,2954.0,0.0038
9,FINNIFTY,2025-07-10,2025-07-31,2025-07-24,pe_short,26450,21.2,267,13065,216.0,459432229.75,367926.0,1703.0,0.0928
9,FINNIFTY,2025-07-10,2025-07-31,2025-07-24,wce_long,27650,18.45,378,59150,262.0,679921463.0,453316.0,1730.0,0.082
9,FINNIFTY,2025-07-10,2025-07-31,2025-07-24,wpe_long,26300,14.45,523,27235,333.0,894522427.5,491228.0,1475.0,0.0553
9,FINNIFTY,2025-07-10,2025-07-31,2025-07-25,ce_short,27500,13.95,8162,195130,4815.0,14598628343.0,7400894.0,1537.0,0.0066
9,FINNIFTY,2025-07-10,2025-07-31,2025-07-25,pe_short,26450,40.85,1886,5135,1274.0,3247856823.25,5007802.0,3931.0,0.0068
9,FINNIFTY,2025-07-10,2025-07-31,2025-07-25,wce_long,27650,8.3,972,57785,754.0,1747553369.25,524394.0,695.0,0.0709
9,FINNIFTY,2025-07-10,2025-07-31,2025-07-25,wpe_long,26300,25.1,4651,52715,3549.0,7958982203.25,7588106.0,2138.0,0.0036
9,FINNIFTY,2025-07-10,2025-07-31,2025-07-28,ce_short,27500,7.65,12482,294190,6108.0,22319647990.25,6206674.0,1016.0,0.0079
9,FINNIFTY,2025-07-10,2025-07-31,2025-07-28,pe_short,26450,57.65,2553,6760,1912.0,4397858260.25,9566729.0,5004.0,0.0036
9,FINNIFTY,2025-07-10,2025-07-31,2025-07-28,wce_long,27650,5.7,2369,42965,1632.0,4258694560.25,877714.0,538.0,0.0424
9,FINNIFTY,2025-07-10,2025-07-31,2025-07-28,wpe_long,26300,31.65,6357,54860,4488.0,10879765546.0,13077938.0,2914.0,0.0021
9,FINNIFTY,2025-07-10,2025-07-31,2025-07-29,ce_short,27500,3.55,17643,327210,7952.0,31542776476.25,4071122.0,512.0,0.0121
9,FINNIFTY,2025-07-10,2025-07-31,2025-07-29,pe_short,26450,20.4,5726,17225,4397.0,9861437355.25,7592676.0,1727.0,0.0045
9,FINNIFTY,2025-07-10,2025-07-31,2025-07-29,wce_long,27650,2.35,3489,117455,1517.0,6271293850.25,532945.0,351.0,0.0698
9,FINNIFTY,2025-07-10,2025-07-31,2025-07-29,wpe_long,26300,9.8,7276,42900,5167.0,12450384943.75,4634812.0,897.0,0.0059
9,FINNIFTY,2025-07-10,2025-07-31,2025-07-30,ce_short,27500,1.45,22115,240500,7960.0,39533169295.75,2084339.0,262.0,0.0236
9,FINNIFTY,2025-07-10,2025-07-31,2025-07-30,pe_short,26450,12.9,13044,51285,7440.0,22441668730.0,10937394.0,1470.0,0.0031
9,FINNIFTY,2025-07-10,2025-07-31,2025-07-30,wce_long,27650,1.15,3344,13650,1403.0,6010298498.75,249964.0,178.0,0.1487
9,FINNIFTY,2025-07-10,2025-07-31,2025-07-30,wpe_long,26300,6.2,9967,97695,4681.0,17043860531.75,4016701.0,858.0,0.0068
9,FINNIFTY,2025-07-10,2025-07-31,2025-07-31,ce_short,27500,0.15,24154,121485,10257.0,43176746002.0,235502.0,23.0,0.2085
9,FINNIFTY,2025-07-10,2025-07-31,2025-07-31,pe_short,26450,0.25,119886,69290,63699.0,206300895303.75,1948148.0,31.0,0.0175
9,FINNIFTY,2025-07-10,2025-07-31,2025-07-31,wce_long,27650,0.2,15041,289120,4803.0,27033374244.5,195533.0,41.0,0.1901
9,FINNIFTY,2025-07-10,2025-07-31,2025-07-31,wpe_long,26300,0.25,81375,115050,37258.0,139154328998.75,1322344.0,35.0,0.0205
10,FINNIFTY,2025-10-14,2025-10-28,2025-10-14,ce_short,27350,89.75,100,23010,85.0,178373617.5,583375.0,6863.0,0.049
10,FINNIFTY,2025-10-14,2025-10-28,2025-10-14,pe_short,26300,81.7,483,32955,346.0,828393354.75,2564972.0,7413.0,0.0101
10,FINNIFTY,2025-10-14,2025-10-28,2025-10-14,wce_long,27500,61.4,1151,90740,891.0,2062885207.5,4593641.0,5156.0,0.0044
10,FINNIFTY,2025-10-14,2025-10-28,2025-10-14,wpe_long,26150,60.05,61,10010,56.0,103966580.25,238098.0,4252.0,0.0836
10,FINNIFTY,2025-10-14,2025-10-28,2025-10-15,ce_short,27350,146.8,428,18395,341.0,764814680.5,4083976.0,11976.0,0.007
10,FINNIFTY,2025-10-14,2025-10-28,2025-10-15,pe_short,26300,43.4,377,31200,301.0,645730666.75,1063517.0,3533.0,0.0245
10,FINNIFTY,2025-10-14,2025-10-28,2025-10-15,wce_long,27500,100.05,5563,206570,3873.0,9978955454.0,36177580.0,9341.0,0.0006
10,FINNIFTY,2025-10-14,2025-10-28,2025-10-15,wpe_long,26150,40.4,99,4550,76.0,168520972.75,259974.0,3421.0,0.0766
10,FINNIFTY,2025-10-14,2025-10-28,2025-10-16,ce_short,27350,255.35,1304,7930,1061.0,2337465308.75,21643466.0,20399.0,0.0013
10,FINNIFTY,2025-10-14,2025-10-28,2025-10-16,pe_short,26300,29.75,515,25220,263.0,881477873.25,995881.0,3787.0,0.0261
10,FINNIFTY,2025-10-14,2025-10-28,2025-10-16,wce_long,27500,180.65,9569,108550,7027.0,17201503172.75,112361590.0,15990.0,0.0002
10,FINNIFTY,2025-10-14,2025-10-28,2025-10-16,wpe_long,26150,24.5,68,3445,56.0,115696152.0,108290.0,1934.0,0.1838
10,FINNIFTY,2025-10-14,2025-10-28,2025-10-17,ce_short,27350,369.5,836,6760,681.0,1503073984.75,20078630.0,29484.0,0.0014
10,FINNIFTY,2025-10-14,2025-10-28,2025-10-17,pe_short,26300,29.1,2527,14820,1005.0,4324840663.0,4779820.0,4756.0,0.0054
10,FINNIFTY,2025-10-14,2025-10-28,2025-10-17,wce_long,27500,269.9,9691,93145,7059.0,17484662594.75,170014058.0,24085.0,0.0001
10,FINNIFTY,2025-10-14,2025-10-28,2025-10-17,wpe_long,26150,21.0,27,2275,9.0,45935025.5,36855.0,4095.0,0.5401
10,FINNIFTY,2025-10-14,2025-10-28,2025-10-20,ce_short,27350,317.8,19,6370,17.0,34199857.25,392483.0,23087.0,0.0728
10,FINNIFTY,2025-10-14,2025-10-28,2025-10-20,pe_short,26300,14.5,352,22555,227.0,602107645.75,331760.0,1461.0,0.0784
10,FINNIFTY,2025-10-14,2025-10-28,2025-10-20,wce_long,27500,212.8,6145,120705,5105.0,11081715193.25,84997640.0,16650.0,0.0002
10,FINNIFTY,2025-10-14,2025-10-28,2025-10-20,wpe_long,26150,21.0,0,2275,,,,,
10,FINNIFTY,2025-10-14,2025-10-28,2025-10-21,ce_short,27350,253.95,3,6370,2.0,5391070.75,49520.0,24760.0,0.5772
10,FINNIFTY,2025-10-14,2025-10-28,2025-10-21,pe_short,26300,11.3,142,24765,105.0,242868827.5,104299.0,993.0,0.2495
10,FINNIFTY,2025-10-14,2025-10-28,2025-10-21,wce_long,27500,188.0,1413,113035,1223.0,2543745665.5,17266860.0,14118.0,0.0012
10,FINNIFTY,2025-10-14,2025-10-28,2025-10-21,wpe_long,26150,10.25,260,7865,250.0,442112547.5,173225.0,693.0,0.1149
10,FINNIFTY,2025-10-14,2025-10-28,2025-10-23,ce_short,27350,267.85,65,5070,63.0,117117334.75,1131666.0,17963.0,0.0253
10,FINNIFTY,2025-10-14,2025-10-28,2025-10-23,pe_short,26300,8.45,1543,40365,836.0,2638746688.5,847493.0,1014.0,0.0307
10,FINNIFTY,2025-10-14,2025-10-28,2025-10-23,wce_long,27500,187.25,3384,104780,2590.0,6103783907.0,41187510.0,15903.0,0.0005
10,FINNIFTY,2025-10-14,2025-10-28,2025-10-23,wpe_long,26150,7.0,446,4550,263.0,758346280.25,202930.0,772.0,0.0981
10,FINNIFTY,2025-10-14,2025-10-28,2025-10-24,ce_short,27350,148.05,3754,16510,2571.0,6708442763.75,36125680.0,14051.0,0.0008
10,FINNIFTY,2025-10-14,2025-10-28,2025-10-24,pe_short,26300,6.25,2382,59735,1314.0,4073082640.25,967688.0,736.0,0.0269
10,FINNIFTY,2025-10-14,2025-10-28,2025-10-24,wce_long,27500,75.7,28783,106405,21716.0,51644237417.5,141626752.0,6522.0,0.0001
10,FINNIFTY,2025-10-14,2025-10-28,2025-10-24,wpe_long,26150,4.25,458,8450,284.0,778646427.0,126522.0,446.0,0.1573
10,FINNIFTY,2025-10-14,2025-10-28,2025-10-27,ce_short,27350,245.35,590,8060,457.0,1057465379.75,9409172.0,20589.0,0.003
10,FINNIFTY,2025-10-14,2025-10-28,2025-10-27,pe_short,26300,2.7,2874,37245,1217.0,4913638457.0,504387.0,414.0,0.0516
10,FINNIFTY,2025-10-14,2025-10-28,2025-10-27,wce_long,27500,121.3,42480,134290,29514.0,76279540158.25,334933560.0,11348.0,0.0001
10,FINNIFTY,2025-10-14,2025-10-28,2025-10-27,wpe_long,26150,3.1,264,11570,98.0,448783790.0,53196.0,543.0,0.3742
10,FINNIFTY,2025-10-14,2025-10-28,2025-10-28,ce_short,27350,64.35,284934,629525,171072.0,507450708209.25,1191807688.0,6967.0,0.0
10,FINNIFTY,2025-10-14,2025-10-28,2025-10-28,pe_short,26300,0.25,1835,32695,981.0,3137062132.75,29819.0,30.0,0.8727
10,FINNIFTY,2025-10-14,2025-10-28,2025-10-28,wce_long,27500,0.6,375533,498290,184118.0,671817722927.0,14645787.0,80.0,0.0014
10,FINNIFTY,2025-10-14,2025-10-28,2025-10-28,wpe_long,26150,0.2,1394,6240,1026.0,2369520390.25,18122.0,18.0,1.0985
11,FINNIFTY,2025-11-10,2025-11-25,2025-11-10,ce_short,27850,126.7,25,2535,19.0,45460304.5,205888.0,10836.0,0.196
11,FINNIFTY,2025-11-10,2025-11-25,2025-11-10,pe_short,26750,84.65,33,3445,21.0,57571176.0,181574.0,8646.0,0.1485
11,FINNIFTY,2025-11-10,2025-11-25,2025-11-10,wce_long,28000,85.95,785,42835,542.0,1433379590.5,4385599.0,8092.0,0.0065
11,FINNIFTY,2025-11-10,2025-11-25,2025-11-10,wpe_long,26600,65.35,124,11505,106.0,214974929.0,526721.0,4969.0,0.0411
11,FINNIFTY,2025-11-10,2025-11-25,2025-11-11,ce_short,27850,102.5,3,2535,3.0,5450737.5,19988.0,6662.0,2.019
11,FINNIFTY,2025-11-10,2025-11-25,2025-11-11,pe_short,26750,90.0,87,4485,72.0,152012246.75,508950.0,7069.0,0.053
11,FINNIFTY,2025-11-10,2025-11-25,2025-11-11,wce_long,28000,71.15,1547,44265,1099.0,2821721126.25,7154488.0,6510.0,0.004
11,FINNIFTY,2025-11-10,2025-11-25,2025-11-11,wpe_long,26600,66.75,226,10530,180.0,392241369.0,980558.0,5448.0,0.0221
11,FINNIFTY,2025-11-10,2025-11-25,2025-11-12,ce_short,27850,98.45,106,2795,93.0,192689097.25,678320.0,7294.0,0.0595
11,FINNIFTY,2025-11-10,2025-11-25,2025-11-12,pe_short,26750,63.15,34,4550,21.0,59259362.5,139562.0,6646.0,0.1932
11,FINNIFTY,2025-11-10,2025-11-25,2025-11-12,wce_long,28000,68.9,1435,41860,1029.0,2619465452.5,6426648.0,6246.0,0.0044
11,FINNIFTY,2025-11-10,2025-11-25,2025-11-12,wpe_long,26600,48.15,175,7605,126.0,303121058.5,547706.0,4347.0,0.0396
11,FINNIFTY,2025-11-10,2025-11-25,2025-11-13,ce_short,27850,106.95,138,3770,117.0,250863778.75,959342.0,8200.0,0.0421
11,FINNIFTY,2025-11-10,2025-11-25,2025-11-13,pe_short,26750,56.45,18,4940,18.0,31362236.75,66046.0,3669.0,0.4082
11,FINNIFTY,2025-11-10,2025-11-25,2025-11-13,wce_long,28000,71.55,1419,40040,890.0,2589821555.75,6599414.0,7415.0,0.0043
11,FINNIFTY,2025-11-10,2025-11-25,2025-11-13,wpe_long,26600,44.05,73,7085,46.0,126416719.0,209017.0,4544.0,0.1036
11,FINNIFTY,2025-11-10,2025-11-25,2025-11-14,ce_short,27850,112.6,171,3575,140.0,310715301.0,1251549.0,8940.0,0.0322
11,FINNIFTY,2025-11-10,2025-11-25,2025-11-14,pe_short,26750,55.15,8,5135,8.0,13939370.25,28678.0,3585.0,0.9401
11,FINNIFTY,2025-11-10,2025-11-25,2025-11-14,wce_long,28000,75.55,1135,43290,770.0,2070908784.75,5573701.0,7239.0,0.0051
11,FINNIFTY,2025-11-10,2025-11-25,2025-11-14,wpe_long,26600,32.8,276,8450,230.0,477874322.25,588432.0,2558.0,0.0368
11,FINNIFTY,2025-11-10,2025-11-25,2025-11-17,ce_short,27850,135.05,275,6825,233.0,500172585.25,2414019.0,10361.0,0.0167
11,FINNIFTY,2025-11-10,2025-11-25,2025-11-17,pe_short,26750,25.75,32,3965,24.0,55701113.0,53560.0,2232.0,0.5034
11,FINNIFTY,2025-11-10,2025-11-25,2025-11-17,wce_long,28000,86.2,2882,35100,2175.0,5261198832.5,16147846.0,7424.0,0.0018
11,FINNIFTY,2025-11-10,2025-11-25,2025-11-17,wpe_long,26600,19.4,243,8385,139.0,420489975.75,306423.0,2204.0,0.0707
11,FINNIFTY,2025-11-10,2025-11-25,2025-11-18,ce_short,27850,91.9,467,14495,348.0,848663517.0,2789624.0,8016.0,0.0145
11,FINNIFTY,2025-11-10,2025-11-25,2025-11-18,pe_short,26750,20.95,53,3055,51.0,92238942.25,72173.0,1415.0,0.3736
11,FINNIFTY,2025-11-10,2025-11-25,2025-11-18,wce_long,28000,56.9,1545,32825,1093.0,2818781728.75,5714182.0,5228.0,0.005
11,FINNIFTY,2025-11-10,2025-11-25,2025-11-18,wpe_long,26600,15.05,217,10335,141.0,375419021.25,212280.0,1506.0,0.1021
11,FINNIFTY,2025-11-10,2025-11-25,2025-11-19,ce_short,27850,93.3,1772,23660,1548.0,3216592392.0,10746294.0,6942.0,0.0038
11,FINNIFTY,2025-11-10,2025-11-25,2025-11-19,pe_short,26750,12.35,554,7085,452.0,963760268.25,444724.0,984.0,0.0606
11,FINNIFTY,2025-11-10,2025-11-25,2025-11-19,wce_long,28000,52.35,4143,92625,2455.0,7552408587.75,14097593.0,5742.0,0.002
11,FINNIFTY,2025-11-10,2025-11-25,2025-11-19,wpe_long,26600,9.5,1619,50115,1059.0,2800371167.75,999732.0,944.0,0.0217
11,FINNIFTY,2025-11-10,2025-11-25,2025-11-20,ce_short,27850,164.65,5166,22555,4060.0,9397846835.0,55287824.0,13618.0,0.0007
11,FINNIFTY,2025-11-10,2025-11-25,2025-11-20,pe_short,26750,5.6,731,9945,622.0,1271353804.5,266084.0,428.0,0.1013
11,FINNIFTY,2025-11-10,2025-11-25,2025-11-20,wce_long,28000,95.75,12492,77740,7929.0,22801060711.0,77747085.0,9805.0,0.0004
11,FINNIFTY,2025-11-10,2025-11-25,2025-11-20,wpe_long,26600,4.65,2051,24375,1077.0,3546951720.0,619915.0,576.0,0.0349
11,FINNIFTY,2025-11-10,2025-11-25,2025-11-21,ce_short,27850,39.25,6197,32305,4926.0,11243828248.25,15810096.0,3210.0,0.0026
11,FINNIFTY,2025-11-10,2025-11-25,2025-11-21,pe_short,26750,7.65,544,15795,410.0,946136314.5,270504.0,660.0,0.0997
11,FINNIFTY,2025-11-10,2025-11-25,2025-11-21,wce_long,28000,19.35,14038,103740,8962.0,25580315280.0,17656294.0,1970.0,0.0016
11,FINNIFTY,2025-11-10,2025-11-25,2025-11-21,wpe_long,26600,6.05,3139,40105,1618.0,5428506196.75,1234412.0,763.0,0.0175
11,FINNIFTY,2025-11-10,2025-11-25,2025-11-24,ce_short,27850,12.45,26240,64220,14925.0,47552142644.5,21234720.0,1423.0,0.0019
11,FINNIFTY,2025-11-10,2025-11-25,2025-11-24,pe_short,26750,3.15,2059,11180,1380.0,3580484885.25,421580.0,305.0,0.064
11,FINNIFTY,2025-11-10,2025-11-25,2025-11-24,wce_long,28000,4.65,26633,91520,11911.0,48494142014.5,8049824.0,676.0,0.0035
11,FINNIFTY,2025-11-10,2025-11-25,2025-11-24,wpe_long,26600,2.3,3214,43225,1595.0,5557497507.25,480493.0,301.0,0.0451
11,FINNIFTY,2025-11-10,2025-11-25,2025-11-25,ce_short,27850,0.15,51630,27495,18570.0,93474451759.0,503392.0,27.0,0.0802
11,FINNIFTY,2025-11-10,2025-11-25,2025-11-25,pe_short,26750,0.2,1787,4420,992.0,3107233034.75,23231.0,23.0,1.1606
11,FINNIFTY,2025-11-10,2025-11-25,2025-11-25,wce_long,28000,0.1,19166,73060,7432.0,34883845876.75,124579.0,17.0,0.2287
11,FINNIFTY,2025-11-10,2025-11-25,2025-11-25,wpe_long,26600,0.15,3355,33475,1794.0,5801007413.5,32711.0,18.0,0.6623
12,FINNIFTY,2026-01-12,2026-01-27,2026-01-12,ce_short,28050,94.6,70,4080,60.0,118124541.0,397320.0,6622.0,0.07
12,FINNIFTY,2026-01-12,2026-01-27,2026-01-12,pe_short,26950,78.45,1,1440,1.0,1621707.0,4707.0,4707.0,4.9
12,FINNIFTY,2026-01-12,2026-01-27,2026-01-12,wce_long,28200,63.15,1135,120360,657.0,1924036902.0,4300515.0,6546.0,0.0045
12,FINNIFTY,2026-01-12,2026-01-27,2026-01-12,wpe_long,26800,44.7,192,2640,156.0,309481647.0,514944.0,3301.0,0.0266
12,FINNIFTY,2026-01-12,2026-01-27,2026-01-13,ce_short,28050,95.4,95,4800,81.0,160457175.0,543780.0,6713.0,0.0511
12,FINNIFTY,2026-01-12,2026-01-27,2026-01-13,pe_short,26950,49.1,63,1440,36.0,102093951.0,185598.0,5156.0,0.1243
12,FINNIFTY,2026-01-12,2026-01-27,2026-01-13,wce_long,28200,60.95,681,112260,489.0,1154865813.0,2490417.0,5093.0,0.0078
12,FINNIFTY,2026-01-12,2026-01-27,2026-01-13,wpe_long,26800,35.4,266,2820,158.0,428394306.0,564984.0,3576.0,0.0242
12,FINNIFTY,2026-01-12,2026-01-27,2026-01-14,ce_short,28050,66.3,258,6060,183.0,435489327.0,1026324.0,5608.0,0.0271
12,FINNIFTY,2026-01-12,2026-01-27,2026-01-14,pe_short,26950,48.55,28,1800,25.0,45358959.0,81564.0,3263.0,0.2828
12,FINNIFTY,2026-01-12,2026-01-27,2026-01-14,wce_long,28200,42.4,648,112440,526.0,1098507468.0,1648512.0,3134.0,0.0117
12,FINNIFTY,2026-01-12,2026-01-27,2026-01-14,wpe_long,26800,36.05,101,3240,93.0,162616446.0,218463.0,2349.0,0.0626
12,FINNIFTY,2026-01-12,2026-01-27,2026-01-16,ce_short,28050,55.55,423,6960,295.0,714116397.0,1409859.0,4779.0,0.0197
12,FINNIFTY,2026-01-12,2026-01-27,2026-01-16,pe_short,26950,40.2,27,2040,15.0,43724745.0,65124.0,4342.0,0.3542
12,FINNIFTY,2026-01-12,2026-01-27,2026-01-16,wce_long,28200,35.05,1621,119880,1037.0,2747558970.0,3408963.0,3287.0,0.0057
12,FINNIFTY,2026-01-12,2026-01-27,2026-01-16,wpe_long,26800,29.6,208,5100,138.0,334806774.0,369408.0,2677.0,0.037
12,FINNIFTY,2026-01-12,2026-01-27,2026-01-19,ce_short,28050,24.2,153,12000,119.0,257784564.0,222156.0,1867.0,0.1252
12,FINNIFTY,2026-01-12,2026-01-27,2026-01-19,pe_short,26950,33.25,98,2220,71.0,158725455.0,195510.0,2754.0,0.118
12,FINNIFTY,2026-01-12,2026-01-27,2026-01-19,wce_long,28200,13.45,2465,102600,1351.0,4173339675.0,1989255.0,1472.0,0.0097
12,FINNIFTY,2026-01-12,2026-01-27,2026-01-19,wpe_long,26800,22.55,366,6300,268.0,589112931.0,495198.0,1848.0,0.0276
12,FINNIFTY,2026-01-12,2026-01-27,2026-01-20,ce_short,28050,9.25,190,10980,125.0,319948932.0,105450.0,844.0,0.2637
12,FINNIFTY,2026-01-12,2026-01-27,2026-01-20,pe_short,26950,81.35,337,3120,235.0,546104193.0,1644897.0,7000.0,0.014
12,FINNIFTY,2026-01-12,2026-01-27,2026-01-20,wce_long,28200,6.7,1029,100440,602.0,1741649871.0,413658.0,687.0,0.0467
12,FINNIFTY,2026-01-12,2026-01-27,2026-01-20,wpe_long,26800,45.9,1622,8700,1338.0,2611465914.0,4466988.0,3339.0,0.0031
12,FINNIFTY,2026-01-12,2026-01-27,2026-01-21,ce_short,28050,7.85,446,10620,354.0,750905850.0,210066.0,593.0,0.1324
12,FINNIFTY,2026-01-12,2026-01-27,2026-01-21,pe_short,26950,158.9,6836,9540,5827.0,11109077664.0,65174424.0,11185.0,0.0004
12,FINNIFTY,2026-01-12,2026-01-27,2026-01-21,wce_long,28200,5.5,2426,75780,1630.0,4105969761.0,800580.0,491.0,0.0241
12,FINNIFTY,2026-01-12,2026-01-27,2026-01-21,wpe_long,26800,104.35,11484,28800,10036.0,18532852086.0,71901324.0,7164.0,0.0002
12,FINNIFTY,2026-01-12,2026-01-27,2026-01-22,ce_short,28050,5.4,470,5580,402.0,791243931.0,152280.0,379.0,0.1826
12,FINNIFTY,2026-01-12,2026-01-27,2026-01-22,pe_short,26950,57.3,6424,52260,5729.0,10424104743.0,22085712.0,3855.0,0.001
12,FINNIFTY,2026-01-12,2026-01-27,2026-01-22,wce_long,28200,4.1,2246,82380,1602.0,3801060978.0,552516.0,345.0,0.035
12,FINNIFTY,2026-01-12,2026-01-27,2026-01-22,wpe_long,26800,33.65,5583,21240,4716.0,8996235021.0,11272077.0,2390.0,0.0012
12,FINNIFTY,2026-01-12,2026-01-27,2026-01-23,ce_short,28050,3.8,556,3720,485.0,935884917.0,126768.0,261.0,0.2194
12,FINNIFTY,2026-01-12,2026-01-27,2026-01-23,pe_short,26950,179.75,15678,55260,12568.0,25445076537.0,169087230.0,13454.0,0.0001
12,FINNIFTY,2026-01-12,2026-01-27,2026-01-23,wce_long,28200,3.25,3059,62460,1641.0,5176457823.0,596505.0,364.0,0.0324
12,FINNIFTY,2026-01-12,2026-01-27,2026-01-23,wpe_long,26800,106.55,38288,79800,25437.0,61755748545.0,244775184.0,9623.0,0.0001
12,FINNIFTY,2026-01-12,2026-01-27,2026-01-27,ce_short,28050,0.25,435,5280,246.0,732122856.0,6525.0,27.0,4.2624
12,FINNIFTY,2026-01-12,2026-01-27,2026-01-27,pe_short,26950,3.6,157996,63300,103082.0,255964009842.0,34127136.0,331.0,0.0007
12,FINNIFTY,2026-01-12,2026-01-27,2026-01-27,wce_long,28200,0.2,2147,42900,986.0,3632848956.0,25764.0,26.0,0.75
12,FINNIFTY,2026-01-12,2026-01-27,2026-01-27,wpe_long,26800,0.2,271363,234780,157524.0,436933917396.0,3256356.0,21.0,0.0042
13,FINNIFTY,2026-02-09,2026-02-24,2026-02-09,ce_short,28700,90.95,264,16560,224.0,455950491.0,1440648.0,6431.0,0.0186
13,FINNIFTY,2026-02-09,2026-02-24,2026-02-09,pe_short,27600,99.2,500,37020,441.0,831376527.0,2976000.0,6748.0,0.0098
13,FINNIFTY,2026-02-09,2026-02-24,2026-02-09,wce_long,28850,62.9,30,3780,21.0,52036725.0,113220.0,5391.0,0.17
13,FINNIFTY,2026-02-09,2026-02-24,2026-02-09,wpe_long,27450,77.9,89,3900,68.0,147072192.0,415986.0,6117.0,0.0573
13,FINNIFTY,2026-02-09,2026-02-24,2026-02-10,ce_short,28700,88.7,131,18720,113.0,226296381.0,697182.0,6170.0,0.0384
13,FINNIFTY,2026-02-09,2026-02-24,2026-02-10,pe_short,27600,81.05,320,39600,234.0,531550884.0,1556160.0,6650.0,0.0187
13,FINNIFTY,2026-02-09,2026-02-24,2026-02-10,wce_long,28850,60.6,63,3780,41.0,109302204.0,229068.0,5587.0,0.084
13,FINNIFTY,2026-02-09,2026-02-24,2026-02-10,wpe_long,27450,64.35,68,4380,46.0,112267542.0,262548.0,5708.0,0.0908
13,FINNIFTY,2026-02-09,2026-02-24,2026-02-11,ce_short,28700,91.45,191,17880,155.0,329829090.0,1048017.0,6761.0,0.0255
13,FINNIFTY,2026-02-09,2026-02-24,2026-02-11,pe_short,27600,62.3,279,40380,198.0,463154925.0,1042902.0,5267.0,0.028
13,FINNIFTY,2026-02-09,2026-02-24,2026-02-11,wce_long,28850,62.4,298,13440,170.0,516876768.0,1115712.0,6563.0,0.0173
13,FINNIFTY,2026-02-09,2026-02-24,2026-02-11,wpe_long,27450,48.7,52,4500,30.0,85808787.0,151944.0,5065.0,0.1569
13,FINNIFTY,2026-02-09,2026-02-24,2026-02-12,ce_short,28700,104.85,1143,23460,1008.0,1975180752.0,7190613.0,7134.0,0.0037
13,FINNIFTY,2026-02-09,2026-02-24,2026-02-12,pe_short,27600,49.45,269,41220,195.0,446335848.0,798123.0,4093.0,0.0365
13,FINNIFTY,2026-02-09,2026-02-24,2026-02-12,wce_long,28850,71.25,344,15060,262.0,596897850.0,1470600.0,5613.0,0.0131
13,FINNIFTY,2026-02-09,2026-02-24,2026-02-12,wpe_long,27450,39.8,71,4500,50.0,117125865.0,169548.0,3391.0,0.1406
13,FINNIFTY,2026-02-09,2026-02-24,2026-02-13,ce_short,28700,58.9,593,17220,443.0,1023560517.0,2095662.0,4731.0,0.0128
13,FINNIFTY,2026-02-09,2026-02-24,2026-02-13,pe_short,27600,80.9,953,22260,824.0,1582257882.0,4625862.0,5614.0,0.0063
13,FINNIFTY,2026-02-09,2026-02-24,2026-02-13,wce_long,28850,40.8,229,10020,146.0,397018515.0,560592.0,3840.0,0.0343
13,FINNIFTY,2026-02-09,2026-02-24,2026-02-13,wpe_long,27450,60.6,91,6540,60.0,150184863.0,330876.0,5515.0,0.072
13,FINNIFTY,2026-02-09,2026-02-24,2026-02-16,ce_short,28700,77.8,737,19920,540.0,1271709678.0,3440316.0,6371.0,0.0078
13,FINNIFTY,2026-02-09,2026-02-24,2026-02-16,pe_short,27600,60.75,634,22920,474.0,1052633658.0,2310930.0,4875.0,0.0126
13,FINNIFTY,2026-02-09,2026-02-24,2026-02-16,wce_long,28850,51.6,155,10680,114.0,268682736.0,479880.0,4209.0,0.0401
13,FINNIFTY,2026-02-09,2026-02-24,2026-02-16,wpe_long,27450,48.7,148,5580,87.0,244229121.0,432456.0,4971.0,0.0551
13,FINNIFTY,2026-02-09,2026-02-24,2026-02-17,ce_short,28700,51.95,1908,49980,1414.0,3291719130.0,5947236.0,4206.0,0.0045
13,FINNIFTY,2026-02-09,2026-02-24,2026-02-17,pe_short,27600,43.1,832,37140,627.0,1380446694.0,2151552.0,3432.0,0.0136
13,FINNIFTY,2026-02-09,2026-02-24,2026-02-17,wce_long,28850,33.15,148,13140,87.0,256512606.0,294372.0,3384.0,0.0654
13,FINNIFTY,2026-02-09,2026-02-24,2026-02-17,wpe_long,27450,32.0,172,6900,108.0,283689465.0,330240.0,3058.0,0.0722
13,FINNIFTY,2026-02-09,2026-02-24,2026-02-18,ce_short,28700,73.45,5268,67020,4249.0,9090976662.0,23216076.0,5464.0,0.0012
13,FINNIFTY,2026-02-09,2026-02-24,2026-02-18,pe_short,27600,25.8,2593,46560,1843.0,4298148015.0,4013964.0,2178.0,0.0073
13,FINNIFTY,2026-02-09,2026-02-24,2026-02-18,wce_long,28850,44.35,1602,23280,838.0,2776407060.0,4262922.0,5087.0,0.0045
13,FINNIFTY,2026-02-09,2026-02-24,2026-02-18,wpe_long,27450,20.3,489,5700,408.0,806009190.0,595602.0,1460.0,0.04
13,FINNIFTY,2026-02-09,2026-02-24,2026-02-19,ce_short,28700,23.2,6125,49680,4260.0,10560744693.0,8526000.0,2001.0,0.0031
13,FINNIFTY,2026-02-09,2026-02-24,2026-02-19,pe_short,27600,56.1,8450,63360,6489.0,14012357733.0,28442700.0,4383.0,0.001
13,FINNIFTY,2026-02-09,2026-02-24,2026-02-19,wce_long,28850,16.25,1309,9060,997.0,2267728347.0,1276275.0,1280.0,0.0151
13,FINNIFTY,2026-02-09,2026-02-24,2026-02-19,wpe_long,27450,38.15,525,11520,408.0,865474266.0,1201725.0,2945.0,0.0198
13,FINNIFTY,2026-02-09,2026-02-24,2026-02-20,ce_short,28700,27.45,4087,39780,2547.0,7045834842.0,6731289.0,2643.0,0.004
13,FINNIFTY,2026-02-09,2026-02-24,2026-02-20,pe_short,27600,32.75,3605,54720,2575.0,5978203257.0,7083825.0,2751.0,0.0041
13,FINNIFTY,2026-02-09,2026-02-24,2026-02-20,wce_long,28850,14.55,863,10380,580.0,1494906501.0,753399.0,1299.0,0.0255
13,FINNIFTY,2026-02-09,2026-02-24,2026-02-20,wpe_long,27450,26.25,735,8640,441.0,1211825916.0,1157625.0,2625.0,0.0206
13,FINNIFTY,2026-02-09,2026-02-24,2026-02-23,ce_short,28700,28.55,27186,62940,19707.0,46884508740.0,46569618.0,2363.0,0.0006
13,FINNIFTY,2026-02-09,2026-02-24,2026-02-23,pe_short,27600,9.95,3421,40380,2400.0,5667984060.0,2042337.0,851.0,0.0143
13,FINNIFTY,2026-02-09,2026-02-24,2026-02-23,wce_long,28850,14.5,5236,8760,2891.0,9071215971.0,4555320.0,1576.0,0.0042
13,FINNIFTY,2026-02-09,2026-02-24,2026-02-23,wpe_long,27450,8.0,1876,61680,1130.0,3090891333.0,900480.0,797.0,0.0265
13,FINNIFTY,2026-02-09,2026-02-24,2026-02-24,ce_short,28700,0.2,48512,71400,20508.0,83553439128.0,582144.0,28.0,0.0459
13,FINNIFTY,2026-02-09,2026-02-24,2026-02-24,pe_short,27600,0.15,10347,49260,4745.0,17135757123.0,93123.0,20.0,0.3132
13,FINNIFTY,2026-02-09,2026-02-24,2026-02-24,wce_long,28850,0.1,7314,20280,3379.0,12661513839.0,43884.0,13.0,0.4386
13,FINNIFTY,2026-02-09,2026-02-24,2026-02-24,wpe_long,27450,0.15,4472,20880,1945.0,7365829422.0,40248.0,21.0,0.5923
14,FINNIFTY,2026-05-08,2026-05-26,2026-05-08,ce_short,26550,284.5,5,540,5.0,8050098.0,85350.0,17070.0,0.98
14,FINNIFTY,2026-05-08,2026-05-26,2026-05-08,pe_short,25500,233.4,169,6720,150.0,260743221.0,2366676.0,15778.0,0.029
14,FINNIFTY,2026-05-08,2026-05-26,2026-05-08,wce_long,26700,210.6,27,1500,26.0,43680111.0,341172.0,13122.0,0.1889
14,FINNIFTY,2026-05-08,2026-05-26,2026-05-08,wpe_long,25350,212.9,23,420,13.0,35230476.0,293802.0,22600.0,0.2217
14,FINNIFTY,2026-05-08,2026-05-26,2026-05-11,ce_short,26550,161.05,3,480,3.0,4808703.0,28989.0,9663.0,2.8853
14,FINNIFTY,2026-05-08,2026-05-26,2026-05-11,pe_short,25500,365.15,588,7200,544.0,911694201.0,12882492.0,23681.0,0.0053
14,FINNIFTY,2026-05-08,2026-05-26,2026-05-11,wce_long,26700,130.75,28,600,22.0,45095724.0,219660.0,9985.0,0.2934
14,FINNIFTY,2026-05-08,2026-05-26,2026-05-11,wpe_long,25350,212.9,0,420,,,,,
14,FINNIFTY,2026-05-08,2026-05-26,2026-05-12,ce_short,26550,112.55,1,480,1.0,1599753.0,6753.0,6753.0,12.3861
14,FINNIFTY,2026-05-08,2026-05-26,2026-05-12,pe_short,25500,610.3,566,9420,530.0,883893978.0,20725788.0,39105.0,0.0033
14,FINNIFTY,2026-05-08,2026-05-26,2026-05-12,wce_long,26700,90.0,35,420,33.0,56253903.0,189000.0,5727.0,0.341
14,FINNIFTY,2026-05-08,2026-05-26,2026-05-12,wpe_long,25350,503.45,63,660,58.0,97534851.0,1903041.0,32811.0,0.0342
14,FINNIFTY,2026-05-08,2026-05-26,2026-05-13,ce_short,26550,112.55,0,480,,,,,
14,FINNIFTY,2026-05-08,2026-05-26,2026-05-13,pe_short,25500,611.7,291,8580,291.0,455142396.0,10680282.0,36702.0,0.0064
14,FINNIFTY,2026-05-08,2026-05-26,2026-05-13,wce_long,26700,54.1,1,420,1.0,1605246.0,3246.0,3246.0,19.8532
14,FINNIFTY,2026-05-08,2026-05-26,2026-05-13,wpe_long,25350,543.4,24,420,20.0,37210578.0,782496.0,39125.0,0.0833
14,FINNIFTY,2026-05-08,2026-05-26,2026-05-14,ce_short,26550,85.95,13,120,6.0,20769624.0,67041.0,11174.0,1.2476
14,FINNIFTY,2026-05-08,2026-05-26,2026-05-14,pe_short,25500,402.3,1032,14400,955.0,1604269848.0,24910416.0,26084.0,0.0028
14,FINNIFTY,2026-05-08,2026-05-26,2026-05-14,wce_long,26700,66.05,4,480,4.0,6422694.0,15852.0,3963.0,4.0653
14,FINNIFTY,2026-05-08,2026-05-26,2026-05-14,wpe_long,25350,543.4,0,420,,,,,
14,FINNIFTY,2026-05-08,2026-05-26,2026-05-15,ce_short,26550,58.9,89,3540,87.0,142132908.0,314526.0,3615.0,0.2659
14,FINNIFTY,2026-05-08,2026-05-26,2026-05-15,pe_short,25500,447.2,1738,18960,1549.0,2700195666.0,46634016.0,30106.0,0.0015
14,FINNIFTY,2026-05-08,2026-05-26,2026-05-15,wce_long,26700,47.3,45,780,34.0,72244461.0,127710.0,3756.0,0.5046
14,FINNIFTY,2026-05-08,2026-05-26,2026-05-15,wpe_long,25350,324.45,10,540,9.0,15410367.0,194670.0,21630.0,0.3347
14,FINNIFTY,2026-05-08,2026-05-26,2026-05-18,ce_short,26550,44.0,67,480,87.0,142132908.0,176880.0,2033.0,0.4729
14,FINNIFTY,2026-05-08,2026-05-26,2026-05-18,pe_short,25500,421.6,383,15600,1549.0,2700195666.0,9688368.0,6255.0,0.0071
14,FINNIFTY,2026-05-08,2026-05-26,2026-05-18,wce_long,26700,35.95,30,1320,34.0,72244461.0,64710.0,1903.0,0.9959
14,FINNIFTY,2026-05-08,2026-05-26,2026-05-18,wpe_long,25350,354.05,107,1080,9.0,15410367.0,2273001.0,252556.0,0.0287
14,FINNIFTY,2026-05-08,2026-05-26,2026-05-19,ce_short,26550,25.0,5,540,87.0,142132908.0,7500.0,86.0,11.1524
14,FINNIFTY,2026-05-08,2026-05-26,2026-05-19,pe_short,25500,420.1,1047,22320,1549.0,2700195666.0,26390682.0,17037.0,0.0026
14,FINNIFTY,2026-05-08,2026-05-26,2026-05-19,wce_long,26700,15.1,80,3180,34.0,72244461.0,72480.0,2132.0,0.8891
14,FINNIFTY,2026-05-08,2026-05-26,2026-05-19,wpe_long,25350,338.2,207,1320,9.0,15410367.0,4200444.0,466716.0,0.0155
14,FINNIFTY,2026-05-08,2026-05-26,2026-05-20,ce_short,26550,21.0,5,840,87.0,142132908.0,6300.0,72.0,13.2767
14,FINNIFTY,2026-05-08,2026-05-26,2026-05-20,pe_short,25500,353.9,238,19200,1549.0,2700195666.0,5053692.0,3263.0,0.0136
14,FINNIFTY,2026-05-08,2026-05-26,2026-05-20,wce_long,26700,11.2,326,11160,34.0,72244461.0,219072.0,6443.0,0.2942
14,FINNIFTY,2026-05-08,2026-05-26,2026-05-20,wpe_long,25350,277.25,82,1260,9.0,15410367.0,1364070.0,151563.0,0.0478
14,FINNIFTY,2026-05-08,2026-05-26,2026-05-21,ce_short,26550,8.6,70,1380,87.0,142132908.0,36120.0,415.0,2.3157
14,FINNIFTY,2026-05-08,2026-05-26,2026-05-21,pe_short,25500,353.55,808,20400,1549.0,2700195666.0,17140104.0,11065.0,0.004
14,FINNIFTY,2026-05-08,2026-05-26,2026-05-21,wce_long,26700,5.85,438,15180,34.0,72244461.0,153738.0,4522.0,0.4192
14,FINNIFTY,2026-05-08,2026-05-26,2026-05-21,wpe_long,25350,262.95,276,2160,9.0,15410367.0,4354452.0,483828.0,0.015
14,FINNIFTY,2026-05-08,2026-05-26,2026-05-22,ce_short,26550,10.5,56,1440,87.0,142132908.0,35280.0,406.0,2.3708
14,FINNIFTY,2026-05-08,2026-05-26,2026-05-22,pe_short,25500,144.0,8857,45960,1549.0,2700195666.0,76524480.0,49403.0,0.0009
14,FINNIFTY,2026-05-08,2026-05-26,2026-05-22,wce_long,26700,7.45,914,15780,34.0,72244461.0,408558.0,12016.0,0.1577
14,FINNIFTY,2026-05-08,2026-05-26,2026-05-22,wpe_long,25350,89.35,1541,5520,9.0,15410367.0,8261301.0,917922.0,0.0079
